model,num_irrelevant,max_allowed_features,target_feature,dataset,year_start,year_end,splitsize,max_lag,init_lag,max_forecast,mae_score,corr_score,n_total_features,waveletfilter,selected_feature_list,feature_importances,selected_features
LRDropoutPSO,0,6,amo1,slow,866.5,2005.5,0.8,15,1,1,13.621673114105207,0.005865214575630346,1755,False,"['1_lag_13_median_stratZ50ndj02', '8_lag_pdoSSTjfm', '8_lag_traFB', '14_lag_traIFC', '4_lag_wnorPRjfm', '1_lag_6_median_amo1']","[0.8984658721683836, 2.51770896855615, 0.4969078655484527, 1.1187938797459331, 4.967280488296019, 1.4402087497626415]","1_lag_13_median_stratZ50ndj02, 8_lag_pdoSSTjfm, 8_lag_traFB, 14_lag_traIFC, 4_lag_wnorPRjfm, 1_lag_6_median_amo1_1755_1"
LRDropoutPSO,1,6,amo1,slow,867.5,2005.5,0.8,16,1,1,13.17220252701636,0.05838610616274202,1885,False,"['3_lag_gyreSSTjfm', '14_lag_atlSICjfm', '13_lag_pdoSSTjfm', '13_lag_traBO', '1_lag_12_median_traIT', '1_lag_8_median_pdoSSTjfm']","[0.3079650825558051, 0.15718475956599676, 2.6325102687163806, 0.6655647748138005, 1.6128542901031508, 1.4002133691052343]","3_lag_gyreSSTjfm, 14_lag_atlSICjfm, 13_lag_pdoSSTjfm, 13_lag_traBO, 1_lag_12_median_traIT, 1_lag_8_median_pdoSSTjfm_1885_1"
LRDropoutPSO,2,6,amo1,slow,868.5,2005.5,0.8,17,1,1,12.654855248624823,0.2613480676954147,2015,False,"['1_lag_yrvPRjja', '1_lag_11_median_mhfATL45', '1_lag_9_median_stratZ50ndj04', '8_lag_tripol1', '1_lag_13_median_solFORC', '1_lag_12_median_wnorPRjfm']","[1.990874505577878, 4.3559147767816775, 0.16093542354535373, 3.1744907957783397, 4.865931759790325, 0.013579812766693067]","1_lag_yrvPRjja, 1_lag_11_median_mhfATL45, 1_lag_9_median_stratZ50ndj04, 8_lag_tripol1, 1_lag_13_median_solFORC, 1_lag_12_median_wnorPRjfm_2015_1"
LRDropoutPSO,3,6,amo1,slow,869.5,2005.5,0.8,18,1,1,11.29938954936235,0.4423237675263967,2145,False,"['1_lag_10_median_traEU', '9_lag_neurTSjfm', '1_lag_5_median_solFORC', '1_lag_17_median_nhSICsep', '1_lag_5_median_glTSjfm', '1_lag_13_median_naoPSLjfm']","[2.7036624660067616, 0.737625292256558, 0.5736641630956907, 0.3894570757746063, 2.851637581617112, 4.8099629689639265]","1_lag_10_median_traEU, 9_lag_neurTSjfm, 1_lag_5_median_solFORC, 1_lag_17_median_nhSICsep, 1_lag_5_median_glTSjfm, 1_lag_13_median_naoPSLjfm_2145_1"
LRDropoutPSO,4,6,amo1,slow,870.5,2005.5,0.8,19,1,1,14.549645974295737,-0.11843152639810897,2275,False,"['1_lag_16_median_stratZ50ndj02', '1_lag_18_median_naoPSLjfm', '1_lag_7_median_scpPSLjfm', '1_lag_2_median_mhfIP30', '12_lag_amo2', '12_lag_glomaSSTjfm']","[2.128364154553132, 1.9635283516557451, 1.9872184602922864, 1.9840577093227805, 1.8244615746023813, 2.414305569005226]","1_lag_16_median_stratZ50ndj02, 1_lag_18_median_naoPSLjfm, 1_lag_7_median_scpPSLjfm, 1_lag_2_median_mhfIP30, 12_lag_amo2, 12_lag_glomaSSTjfm_2275_1"
LRDropoutPSO,5,6,amo1,slow,871.5,2005.5,0.8,20,1,1,11.618015746018974,0.496205715941797,2405,False,"['1_lag_9_median_eurPSLjfm', '8_lag_seurTSjfm', '18_lag_traFB', '1_lag_3_median_gyreSSTjfm', '17_lag_samPSLann', '2_lag_tripol1']","[2.5284415084761687, 0.13328668058968773, 3.129130764432775, 0.690439167777674, 2.3015287583001287, 4.355767665783837]","1_lag_9_median_eurPSLjfm, 8_lag_seurTSjfm, 18_lag_traFB, 1_lag_3_median_gyreSSTjfm, 17_lag_samPSLann, 2_lag_tripol1_2405_1"
LRDropoutPSO,6,6,amo1,slow,872.5,2005.5,0.8,21,1,1,12.937263204404273,0.11655177347145942,2535,False,"['1_lag_16_median_mhfIP30', '7_lag_traEU', '2_lag_ismPRjja', '12_lag_traIT', '19_lag_ismPRjja', '1_lag_12_median_traBO']","[2.1473345617755983, 1.9795544474445443, 2.0063222421671223, 2.0590728423226925, 2.4349685015534863, 1.8338473199926004]","1_lag_16_median_mhfIP30, 7_lag_traEU, 2_lag_ismPRjja, 12_lag_traIT, 19_lag_ismPRjja, 1_lag_12_median_traBO_2535_1"
LRDropoutPSO,7,6,amo1,slow,873.5,2005.5,0.8,22,2,2,12.723855020236599,0.29037091295361667,2535,False,"['16_lag_amo2', '18_lag_atlSICsep', '2_lag_15_median_traTLS', '2_lag_16_median_ensoSSTjfm', '21_lag_stratZ50ndj03', '2_lag_4_median_amoSSTmjjaso']","[0.9359198366736639, 1.5156147092028132, 3.779144292467789, 3.794542891025209, 2.5937396968080364, 1.827130558853563]","16_lag_amo2, 18_lag_atlSICsep, 2_lag_15_median_traTLS, 2_lag_16_median_ensoSSTjfm, 21_lag_stratZ50ndj03, 2_lag_4_median_amoSSTmjjaso_2535_2"
LRDropoutPSO,8,6,amo1,slow,874.5,2005.5,0.8,23,3,3,15.078768480739908,-0.5059517389238475,2535,False,"['3_lag_22_median_cetTSjfm', '3_lag_17_median_stratZ50ndj04', '19_lag_nchinaPRjja', '15_lag_nppc2SSTjfm', '3_lag_19_median_gyreSSTjfm', '3_lag_8_median_solFORC']","[1.4798080971803056, 1.136257443936726, 1.2618911186428963, 1.3246222776274075, 1.5136883026898995, 1.4456616733940753]","3_lag_22_median_cetTSjfm, 3_lag_17_median_stratZ50ndj04, 19_lag_nchinaPRjja, 15_lag_nppc2SSTjfm, 3_lag_19_median_gyreSSTjfm, 3_lag_8_median_solFORC_2535_3"
LRDropoutPSO,9,6,amo1,slow,875.5,2005.5,0.8,24,4,4,9.452921744736969,0.6733221336307967,2535,False,"['4_lag_13_median_glomaSSTjfm', '4_lag_15_median_satlSSTjfm', '4_lag_18_median_traDP', '4_lag_20_median_traTLS', '4_lag_21_median_traMC', '8_lag_labSSTjfm']","[3.486336053401084, 4.6624292880292195, 2.0384701183758196, 0.1999883803268645, 0.7440536535857039, 1.7631979599438452]","4_lag_13_median_glomaSSTjfm, 4_lag_15_median_satlSSTjfm, 4_lag_18_median_traDP, 4_lag_20_median_traTLS, 4_lag_21_median_traMC, 8_lag_labSSTjfm_2535_4"
LRDropoutPSO,10,6,amo1,slow,876.5,2005.5,0.8,25,5,5,14.102568571096846,-0.2650262254254032,2535,False,"['5_lag_15_median_glomaSSTjfm', '17_lag_ensoSSTjfm', '16_lag_traEU', '5_lag_14_median_yrvPRjja', '5_lag_15_median_nhSICsep', '24_lag_traCA']","[1.8240820344670958, 1.7928266906262689, 2.362141600911322, 1.772951934385284, 1.7728874691475731, 2.336677687200872]","5_lag_15_median_glomaSSTjfm, 17_lag_ensoSSTjfm, 16_lag_traEU, 5_lag_14_median_yrvPRjja, 5_lag_15_median_nhSICsep, 24_lag_traCA_2535_5"
LRDropoutPSO,11,6,amo1,slow,877.5,2005.5,0.8,26,6,6,17.341675557887548,-0.5336045273375478,2535,False,"['6_lag_24_median_shTSjfm', '6_lag_traMC', '22_lag_gyreSSTjfm', '23_lag_traFS', '6_lag_9_median_ormenSSTjfm', '11_lag_shSICsep']","[2.7607464894323686, 0.3151427193583167, 3.1919426817183947, 2.8681617096990646, 0.30952905397492714, 0.9161130505796287]","6_lag_24_median_shTSjfm, 6_lag_traMC, 22_lag_gyreSSTjfm, 23_lag_traFS, 6_lag_9_median_ormenSSTjfm, 11_lag_shSICsep_2535_6"
LRDropoutPSO,12,6,amo1,slow,878.5,2005.5,0.8,27,7,7,14.821281796620795,0.02573595590466737,2535,False,"['7_lag_19_median_amo2', '7_lag_12_median_tripol2', '7_lag_19_median_shTSjfm', '9_lag_stratZ50ndj04', '9_lag_labSSTjfm', '7_lag_10_median_traTLS']","[0.043317189127993316, 1.7284800756102943, 0.17835714066503172, 1.536880959738724, 5.737884055970099, 6.728297391907564]","7_lag_19_median_amo2, 7_lag_12_median_tripol2, 7_lag_19_median_shTSjfm, 9_lag_stratZ50ndj04, 9_lag_labSSTjfm, 7_lag_10_median_traTLS_2535_7"
LRDropoutPSO,13,6,amo1,slow,879.5,2005.5,0.8,28,8,8,11.77488302364101,0.31844174702561034,2535,False,"['15_lag_stratZ50ndj02', '8_lag_26_median_samPSLann', '8_lag_19_median_tripol3', '8_lag_25_median_samPSLann', '21_lag_atlSICjfm', '19_lag_stratZ50ndj01']","[0.0189006860166252, 5.150767994854002, 2.8076210354633133, 4.572902385972551, 2.553373359776163, 4.226492689129543]","15_lag_stratZ50ndj02, 8_lag_26_median_samPSLann, 8_lag_19_median_tripol3, 8_lag_25_median_samPSLann, 21_lag_atlSICjfm, 19_lag_stratZ50ndj01_2535_8"
LRDropoutPSO,14,6,amo1,slow,880.5,2005.5,0.8,29,9,9,11.598571552279342,0.5385928732932973,2535,False,"['10_lag_nhSICsep', '9_lag_18_median_nhTSjfm', '9_lag_13_median_traEC', '9_lag_16_median_amoSSTmjjaso', '9_lag_17_median_traDP', '9_lag_13_median_mhfATL45']","[2.426760704697527, 2.4273283005852235, 2.464048971721318, 2.4267629167536087, 1.9755349224405805, 2.6340461553086536]","10_lag_nhSICsep, 9_lag_18_median_nhTSjfm, 9_lag_13_median_traEC, 9_lag_16_median_amoSSTmjjaso, 9_lag_17_median_traDP, 9_lag_13_median_mhfATL45_2535_9"
LRDropoutPSO,15,6,amo1,slow,881.5,2005.5,0.8,30,10,10,11.082142007866157,0.4833951365196377,2535,False,"['29_lag_mhfIP30', '10_lag_24_median_traDS', '10_lag_21_median_nhTSjfm', '10_lag_13_median_amo2', '28_lag_ismPRjja', '10_lag_19_median_amoSSTmjjaso']","[0.305851515144127, 1.6345992857642422, 0.07728864787130796, 7.26218120985331, 3.358460628027384, 1.1512054994198593]","29_lag_mhfIP30, 10_lag_24_median_traDS, 10_lag_21_median_nhTSjfm, 10_lag_13_median_amo2, 28_lag_ismPRjja, 10_lag_19_median_amoSSTmjjaso_2535_10"
LRDropoutPSO,16,6,amo1,slow,882.5,2005.5,0.8,31,11,11,13.693501222229095,0.06484253226542429,2535,False,"['28_lag_stratZ50ndj02', '27_lag_ginwSSTjfm', '11_lag_26_median_stratZ50ndj03', '11_lag_15_median_labSSTjfm', '30_lag_eurPSLjfm', '11_lag_22_median_traCA']","[0.6163610732913902, 4.179047936723519, 0.3417331568457005, 3.5044991699779597, 0.20459350578194702, 3.0101566382515577]","28_lag_stratZ50ndj02, 27_lag_ginwSSTjfm, 11_lag_26_median_stratZ50ndj03, 11_lag_15_median_labSSTjfm, 30_lag_eurPSLjfm, 11_lag_22_median_traCA_2535_11"
LRDropoutPSO,17,6,amo1,slow,883.5,2005.5,0.8,32,12,12,14.346135860472991,-0.14932160757501423,2535,False,"['27_lag_mhfIP30', '12_lag_29_median_arcTSjfm', '12_lag_19_median_traBO', '12_lag_19_median_eurPSLjfm', '12_lag_13_median_traTLS', '16_lag_shSICsep']","[1.9257944180675877, 1.5193210720646868, 1.7471959756323527, 1.7693650122104556, 1.9345293408918636, 2.0254597143710757]","27_lag_mhfIP30, 12_lag_29_median_arcTSjfm, 12_lag_19_median_traBO, 12_lag_19_median_eurPSLjfm, 12_lag_13_median_traTLS, 16_lag_shSICsep_2535_12"
LRDropoutPSO,18,6,amo1,slow,884.5,2005.5,0.8,33,13,13,14.825132043464665,-0.14731976610363545,2535,False,"['17_lag_ormenSSTjfm', '13_lag_17_median_traEC', '13_lag_27_median_pdoSSTjfm', '23_lag_labSSTjfm', '24_lag_seurTSjfm', '14_lag_gyreSSTjfm']","[2.5069171216002917, 2.8017324920720035, 2.785180084868372, 2.1327720295714125, 2.64634432376491, 2.4805327784852333]","17_lag_ormenSSTjfm, 13_lag_17_median_traEC, 13_lag_27_median_pdoSSTjfm, 23_lag_labSSTjfm, 24_lag_seurTSjfm, 14_lag_gyreSSTjfm_2535_13"
LRDropoutPSO,19,6,amo1,slow,885.5,2005.5,0.8,34,14,14,14.214375453535391,0.013042296294060207,2535,False,"['21_lag_traBO', '22_lag_ormenSSTjfm', '24_lag_atlSICjfm', '14_lag_26_median_alpi', '32_lag_mhfATL60', '14_lag_27_median_traFS']","[3.2029739369847143, 2.420693392275356, 3.1488338989527063, 2.6442500168529146, 2.402324703073642, 3.057850929909423]","21_lag_traBO, 22_lag_ormenSSTjfm, 24_lag_atlSICjfm, 14_lag_26_median_alpi, 32_lag_mhfATL60, 14_lag_27_median_traFS_2535_14"
LRDropoutPSO,20,6,amo1,slow,886.5,2005.5,0.8,35,15,15,13.768814729478452,-0.1080608850913974,2535,False,"['15_lag_33_median_tripol1', '19_lag_nhSICjfm', '24_lag_amo1', '20_lag_amoSSTmjjaso', '27_lag_traBS', '15_lag_23_median_amoSSTmjjaso']","[1.2994835882186078, 1.3579272987992375, 1.0327736939531038, 1.0667587568400734, 1.3547474135081914, 1.1305291853255648]","15_lag_33_median_tripol1, 19_lag_nhSICjfm, 24_lag_amo1, 20_lag_amoSSTmjjaso, 27_lag_traBS, 15_lag_23_median_amoSSTmjjaso_2535_15"
LRDropoutPSO,21,6,amo1,slow,887.5,2005.5,0.8,36,16,16,15.025726042340048,-0.24015561612030953,2535,False,"['16_lag_29_median_amo3', '16_lag_32_median_ginwSSTjfm', '16_lag_33_median_nhSICjfm', '16_lag_35_median_traCA', '35_lag_stratZ50ndj04', '19_lag_alpi']","[4.458748447110521, 3.94441552910709, 0.16833612539276466, 2.121802589780735, 1.5510444654593698, 2.995885934901013]","16_lag_29_median_amo3, 16_lag_32_median_ginwSSTjfm, 16_lag_33_median_nhSICjfm, 16_lag_35_median_traCA, 35_lag_stratZ50ndj04, 19_lag_alpi_2535_16"
LRDropoutPSO,22,6,amo1,slow,888.5,2005.5,0.8,37,17,17,13.903434025027098,-0.08358240638294806,2535,False,"['30_lag_atlSICjfm', '17_lag_35_median_traFB', '35_lag_amo3', '17_lag_29_median_traIT', '17_lag_25_median_shTSjfm', '31_lag_traEU']","[2.0602959755015817, 1.824308866714734, 1.3350597585513242, 3.4320932411394285, 0.6317886173969338, 1.0933809198176085]","30_lag_atlSICjfm, 17_lag_35_median_traFB, 35_lag_amo3, 17_lag_29_median_traIT, 17_lag_25_median_shTSjfm, 31_lag_traEU_2535_17"
LRDropoutPSO,23,6,amo1,slow,889.5,2005.5,0.8,38,18,18,12.179592625429786,0.3576947488566663,2535,False,"['18_lag_24_median_atlSICjfm', '18_lag_28_median_stratZ50ndj01', '29_lag_nhTSjfm', '18_lag_30_median_amo3', '18_lag_21_median_traIFC', '18_lag_32_median_eapPSLjfm']","[7.383768165424234, 2.5002934875879497, 1.6595297278060972, 2.914626244314138, 0.861563847853315, 0.3087454018196425]","18_lag_24_median_atlSICjfm, 18_lag_28_median_stratZ50ndj01, 29_lag_nhTSjfm, 18_lag_30_median_amo3, 18_lag_21_median_traIFC, 18_lag_32_median_eapPSLjfm_2535_18"
LRDropoutPSO,24,6,amo1,slow,890.5,2005.5,0.8,39,19,19,14.413255001999156,-0.3741221837078804,2535,False,"['19_lag_20_median_traBS', '19_lag_26_median_traFS', '35_lag_pdoSSTjfm', '24_lag_amoSSTmjjaso', '22_lag_nchinaPRjja', '19_lag_31_median_gyreSSTjfm']","[1.1569386467281426, 1.1404879204395602, 1.439284599215696, 1.5206444121551679, 1.1428919156337816, 1.5157877019617694]","19_lag_20_median_traBS, 19_lag_26_median_traFS, 35_lag_pdoSSTjfm, 24_lag_amoSSTmjjaso, 22_lag_nchinaPRjja, 19_lag_31_median_gyreSSTjfm_2535_19"
LRDropoutPSO,25,6,amo1,slow,891.5,2005.5,0.8,40,20,20,13.941029841666673,0.007273389954318969,2535,False,"['20_lag_39_median_traIT', '20_lag_36_median_traIFC', '22_lag_satlSSTjfm', '22_lag_mhfATL30', '27_lag_eapPSLjfm', '39_lag_tripol3']","[0.1068437208082944, 1.8004174702807934, 2.4418207210226273, 0.36495065657982373, 3.645986014344899, 1.768944718856245]","20_lag_39_median_traIT, 20_lag_36_median_traIFC, 22_lag_satlSSTjfm, 22_lag_mhfATL30, 27_lag_eapPSLjfm, 39_lag_tripol3_2535_20"
LRDropoutPSO,26,6,amo1,slow,892.5,2005.5,0.8,41,21,21,15.009692927349425,0.14684606258596386,2535,False,"['21_lag_38_median_ormenSSTjfm', '29_lag_tripol3', '40_lag_alpi', '21_lag_32_median_seurTSjfm', '21_lag_27_median_stratZ50ndj01', '34_lag_scpPSLjfm']","[4.881540923804126, 4.9813191570347914, 0.245767905235466, 0.09555765987163412, 3.4163574462205766, 2.6172778571181645]","21_lag_38_median_ormenSSTjfm, 29_lag_tripol3, 40_lag_alpi, 21_lag_32_median_seurTSjfm, 21_lag_27_median_stratZ50ndj01, 34_lag_scpPSLjfm_2535_21"
LRDropoutPSO,27,6,amo1,slow,893.5,2005.5,0.8,42,22,22,13.704729316601952,0.00965002183334326,2535,False,"['22_lag_40_median_yrvPRjja', '26_lag_shSICmar', '22_lag_31_median_mhfATL30', '23_lag_traCA', '22_lag_30_median_ismPRjja', '32_lag_atlSICsep']","[2.171131872275529, 0.9036076198425569, 2.2621462968607498, 3.263203792151492, 3.80186340502971, 0.3112452543551889]","22_lag_40_median_yrvPRjja, 26_lag_shSICmar, 22_lag_31_median_mhfATL30, 23_lag_traCA, 22_lag_30_median_ismPRjja, 32_lag_atlSICsep_2535_22"
LRDropoutPSO,28,6,amo1,slow,894.5,2005.5,0.8,43,23,23,14.375526032082291,-0.17133349864100586,2535,False,"['23_lag_37_median_traBO', '35_lag_stratZ50ndj01', '23_lag_28_median_yrvPRjja', '23_lag_31_median_scpPSLjfm', '32_lag_traFB', '39_lag_solFORC']","[2.1105896827125465, 1.7613430205110185, 1.9710607198409371, 2.3484325982957257, 1.785238154713318, 1.9635851438773555]","23_lag_37_median_traBO, 35_lag_stratZ50ndj01, 23_lag_28_median_yrvPRjja, 23_lag_31_median_scpPSLjfm, 32_lag_traFB, 39_lag_solFORC_2535_23"
LRDropoutPSO,29,6,amo1,slow,895.5,2005.5,0.8,44,24,24,14.687073325608544,-0.42399096307517364,2535,False,"['39_lag_traMC', '28_lag_tripol3', '24_lag_26_median_stratZ50ndj04', '24_lag_32_median_shSICsep', '24_lag_39_median_arcTSjfm', '27_lag_traDS']","[2.8221917268549124, 0.5773600635149272, 0.5478798925093642, 2.2925069931596305, 0.9089325841387481, 1.1426353757726826]","39_lag_traMC, 28_lag_tripol3, 24_lag_26_median_stratZ50ndj04, 24_lag_32_median_shSICsep, 24_lag_39_median_arcTSjfm, 27_lag_traDS_2535_24"
LRDropoutPSO,30,6,amo1,slow,896.5,2005.5,0.8,45,25,25,15.925201241340952,-0.3405847190519553,2535,False,"['25_lag_38_median_wnorPRjfm', '25_lag_44_median_mhfIP30', '25_lag_27_median_shSICmar', '25_lag_33_median_nhSICjfm', '25_lag_44_median_yrvPRjja', '25_lag_38_median_amo3']","[3.274972627049366, 0.24442507497943922, 4.5305146111418075, 2.819133329254859, 0.3540899067408354, 0.5446023036664744]","25_lag_38_median_wnorPRjfm, 25_lag_44_median_mhfIP30, 25_lag_27_median_shSICmar, 25_lag_33_median_nhSICjfm, 25_lag_44_median_yrvPRjja, 25_lag_38_median_amo3_2535_25"
LRDropoutPSO,31,6,amo1,slow,897.5,2005.5,0.8,46,26,26,13.818828946801922,0.302004053729332,2535,False,"['26_lag_45_median_traFSC', '26_lag_33_median_shSICsep', '34_lag_traTLS', '26_lag_35_median_nppc2SSTjfm', '29_lag_AMOCann', '43_lag_nchinaPRjja']","[0.22861168469994908, 6.359885820959814, 2.940752821776571, 2.812809824958671, 1.7493037008755348, 2.5893435522655324]","26_lag_45_median_traFSC, 26_lag_33_median_shSICsep, 34_lag_traTLS, 26_lag_35_median_nppc2SSTjfm, 29_lag_AMOCann, 43_lag_nchinaPRjja_2535_26"
LRDropoutPSO,32,6,amo1,slow,898.5,2005.5,0.8,47,27,27,13.562237896004806,-0.01414528488179303,2535,False,"['39_lag_stratZ50ndj03', '27_lag_32_median_gyreSSTjfm', '27_lag_38_median_stratZ50ndj02', '27_lag_32_median_traFB', '27_lag_39_median_traFSC', '27_lag_28_median_nchinaPRjja']","[1.6254953827536047, 1.3314018211889929, 1.2272953122352868, 1.221344273602417, 1.330853393361033, 1.4923257857543142]","39_lag_stratZ50ndj03, 27_lag_32_median_gyreSSTjfm, 27_lag_38_median_stratZ50ndj02, 27_lag_32_median_traFB, 27_lag_39_median_traFSC, 27_lag_28_median_nchinaPRjja_2535_27"
LRDropoutPSO,33,6,amo1,slow,899.5,2005.5,0.8,48,28,28,12.93503326784654,0.19595991663733384,2535,False,"['44_lag_cetTSjfm', '28_lag_30_median_traIT', '29_lag_nppc3SSTjfm', '28_lag_38_median_shTSjfm', '28_lag_41_median_samPSLann', '28_lag_34_median_mhfATL60']","[4.847896253208257, 0.6964097514864971, 4.179782728335306, 1.234835076726295, 1.1452628113498982, 3.5995891962490916]","44_lag_cetTSjfm, 28_lag_30_median_traIT, 29_lag_nppc3SSTjfm, 28_lag_38_median_shTSjfm, 28_lag_41_median_samPSLann, 28_lag_34_median_mhfATL60_2535_28"
LRDropoutPSO,34,6,amo1,slow,900.5,2005.5,0.8,49,29,29,12.41369154722033,0.31400722332800557,2535,False,"['29_lag_40_median_traIT', '42_lag_arcTSjfm', '42_lag_nchinaPRjja', '29_lag_35_median_cetTSjfm', '29_lag_47_median_amo2', '48_lag_gyreSSTjfm']","[1.6306494834974836, 1.750797047509635, 1.6765249085235474, 1.8539657082784844, 1.6990118841138395, 1.503111275696084]","29_lag_40_median_traIT, 42_lag_arcTSjfm, 42_lag_nchinaPRjja, 29_lag_35_median_cetTSjfm, 29_lag_47_median_amo2, 48_lag_gyreSSTjfm_2535_29"
LRDropoutPSO,35,6,amo1,slow,901.5,2005.5,0.8,50,30,30,13.41060626269864,0.12157852107585466,2535,False,"['30_lag_33_median_stratZ50ndj01', '30_lag_33_median_traIFC', '30_lag_31_median_traWP', '48_lag_traFB', '41_lag_traWP', '30_lag_39_median_stratZ50ndj02']","[1.5696710504598403, 0.06178016595294089, 1.2269346878203464, 3.310732842592987, 0.140726934340055, 0.8781683045227098]","30_lag_33_median_stratZ50ndj01, 30_lag_33_median_traIFC, 30_lag_31_median_traWP, 48_lag_traFB, 41_lag_traWP, 30_lag_39_median_stratZ50ndj02_2535_30"
LRDropoutPSO,36,6,amo1,slow,902.5,2005.5,0.8,51,31,31,13.186873796931186,0.020837347078359412,2535,False,"['43_lag_ismPRjja', '31_lag_34_median_traIFC', '31_lag_36_median_mhfATL45', '31_lag_42_median_alpi', '31_lag_48_median_traDP', '31_lag_38_median_amo3']","[1.6153628071670318, 2.1295367853441247, 1.953188898940972, 1.6101029447592274, 1.7638347502393734, 1.6458725078241765]","43_lag_ismPRjja, 31_lag_34_median_traIFC, 31_lag_36_median_mhfATL45, 31_lag_42_median_alpi, 31_lag_48_median_traDP, 31_lag_38_median_amo3_2535_31"
LRDropoutPSO,37,6,amo1,slow,903.5,2005.5,0.8,52,32,32,13.88011564312451,0.3554717249033196,2535,False,"['39_lag_amoSSTmjjaso', '32_lag_47_median_nhSICsep', '43_lag_traTLS', '32_lag_35_median_labSSTjfm', '32_lag_34_median_ormenSSTjfm', '32_lag_46_median_nhSICsep']","[2.7422360917666833, 6.460890084849254, 0.06863561437683963, 0.4042416145702994, 5.734836072569717, 3.315865006767474]","39_lag_amoSSTmjjaso, 32_lag_47_median_nhSICsep, 43_lag_traTLS, 32_lag_35_median_labSSTjfm, 32_lag_34_median_ormenSSTjfm, 32_lag_46_median_nhSICsep_2535_32"
LRDropoutPSO,38,6,amo1,slow,904.5,2005.5,0.8,53,33,33,11.976721949591095,0.41387600355272686,2535,False,"['33_lag_40_median_mhfATL30', '33_lag_wnorPRjfm', '33_lag_51_median_mhfIP30', '50_lag_stratZ50ndj02', '46_lag_glTSjfm', '33_lag_36_median_atlSICsep']","[0.48803019209034026, 0.4534991387751468, 0.30876944118833727, 4.055031778565887, 4.903594302182752, 0.6397828267907713]","33_lag_40_median_mhfATL30, 33_lag_wnorPRjfm, 33_lag_51_median_mhfIP30, 50_lag_stratZ50ndj02, 46_lag_glTSjfm, 33_lag_36_median_atlSICsep_2535_33"
LRDropoutPSO,39,6,amo1,slow,905.5,2005.5,0.8,54,34,34,14.5028372813031,-0.09071789551748123,2535,False,"['46_lag_alpi', '34_lag_51_median_stratZ50ndj03', '34_lag_stratZ50ndj03', '35_lag_gyreSSTjfm', '52_lag_tripol3', '34_lag_46_median_naoPSLjfm']","[2.2848906228140886, 2.756445449097253, 2.9060040717044213, 3.0464863551024055, 2.5555876931789396, 2.4331166987409527]","46_lag_alpi, 34_lag_51_median_stratZ50ndj03, 34_lag_stratZ50ndj03, 35_lag_gyreSSTjfm, 52_lag_tripol3, 34_lag_46_median_naoPSLjfm_2535_34"
LRDropoutPSO,40,6,amo1,slow,906.5,2005.5,0.8,55,35,35,14.59996967073253,0.013829127573393857,2535,False,"['48_lag_atlSICsep', '35_lag_50_median_scpPSLjfm', '35_lag_46_median_shSICmar', '53_lag_traBS', '44_lag_pdoSSTjfm', '35_lag_37_median_traTLS']","[3.1018355750478896, 0.5902235411693333, 0.18034183789465708, 5.713050622646579, 2.3783391680189876, 1.5177929741067846]","48_lag_atlSICsep, 35_lag_50_median_scpPSLjfm, 35_lag_46_median_shSICmar, 53_lag_traBS, 44_lag_pdoSSTjfm, 35_lag_37_median_traTLS_2535_35"
LRDropoutPSO,41,6,amo1,slow,907.5,2005.5,0.8,56,36,36,13.967717375346842,0.024584189992407465,2535,False,"['55_lag_wnorPRjfm', '54_lag_ormenSSTjfm', '36_lag_43_median_traCA', '36_lag_54_median_arcTSjfm', '37_lag_ginwSSTjfm', '36_lag_47_median_tripol2']","[5.318781070111704, 2.5085143941455375, 2.7538030878850535, 0.5255178544073225, 0.47237534032178985, 0.3068603931968781]","55_lag_wnorPRjfm, 54_lag_ormenSSTjfm, 36_lag_43_median_traCA, 36_lag_54_median_arcTSjfm, 37_lag_ginwSSTjfm, 36_lag_47_median_tripol2_2535_36"
LRDropoutPSO,42,6,amo1,slow,908.5,2005.5,0.8,57,37,37,12.558258979705034,0.19277557456005934,2535,False,"['52_lag_tripol3', '37_lag_39_median_yrvPRjja', '37_lag_48_median_amoSSTmjjaso', '55_lag_traDP', '50_lag_traBS', '37_lag_49_median_traFSC']","[1.3978177718867488, 1.6811009024639432, 1.7143800587002516, 1.8487375167530045, 1.481357774688211, 1.8617718822932834]","52_lag_tripol3, 37_lag_39_median_yrvPRjja, 37_lag_48_median_amoSSTmjjaso, 55_lag_traDP, 50_lag_traBS, 37_lag_49_median_traFSC_2535_37"
LRDropoutPSO,43,6,amo1,slow,909.5,2005.5,0.8,58,38,38,13.245708836231968,0.0030721022414161156,2535,False,"['38_lag_54_median_shTSjfm', '44_lag_AMOCann', '45_lag_tripol1', '38_lag_54_median_tripol2', '38_lag_44_median_traEU', '38_lag_39_median_nhSICsep']","[2.556040529728076, 1.5176269075517865, 2.990066003375782, 1.8190062592650769, 1.100428480352786, 0.9304457363558143]","38_lag_54_median_shTSjfm, 44_lag_AMOCann, 45_lag_tripol1, 38_lag_54_median_tripol2, 38_lag_44_median_traEU, 38_lag_39_median_nhSICsep_2535_38"
LRDropoutPSO,44,6,amo1,slow,910.5,2005.5,0.8,59,39,39,15.108405533589876,-0.22708040818526998,2535,False,"['39_lag_58_median_arcTSjfm', '39_lag_56_median_glomaSSTjfm', '52_lag_traEU', '39_lag_58_median_mhfATL45', '40_lag_labSSTjfm', '39_lag_traFS']","[2.3432700825657293, 2.2641260850002514, 2.134217999600869, 2.048293486946272, 2.697329219754011, 2.028327817492872]","39_lag_58_median_arcTSjfm, 39_lag_56_median_glomaSSTjfm, 52_lag_traEU, 39_lag_58_median_mhfATL45, 40_lag_labSSTjfm, 39_lag_traFS_2535_39"
LRDropoutPSO,45,6,amo1,slow,911.5,2005.5,0.8,60,40,40,17.57282705850337,-0.5118950048091977,2535,False,"['47_lag_solFORC', '40_lag_49_median_amo3', '40_lag_54_median_nhTSjfm', '40_lag_52_median_stratZ50ndj03', '40_lag_51_median_ismPRjja', '40_lag_56_median_tripol1']","[1.475216859370656, 5.812996461538383, 5.048025324112428, 0.7031157413545923, 1.4766958112284918, 0.7680336110599235]","47_lag_solFORC, 40_lag_49_median_amo3, 40_lag_54_median_nhTSjfm, 40_lag_52_median_stratZ50ndj03, 40_lag_51_median_ismPRjja, 40_lag_56_median_tripol1_2535_40"
LRDropoutPSO,46,6,amo1,slow,912.5,2005.5,0.8,61,41,41,14.153271572606705,0.05094192683437477,2535,False,"['41_lag_60_median_traDP', '43_lag_solFORC', '54_lag_ormenSSTjfm', '52_lag_traFS', '44_lag_nppc2SSTjfm', '41_lag_44_median_shSICsep']","[2.116123330822572, 2.1030445268803972, 2.113238642929646, 2.2524116281868323, 2.1495755901400795, 2.012433745900339]","41_lag_60_median_traDP, 43_lag_solFORC, 54_lag_ormenSSTjfm, 52_lag_traFS, 44_lag_nppc2SSTjfm, 41_lag_44_median_shSICsep_2535_41"
LRDropoutPSO,47,6,amo1,slow,913.5,2005.5,0.8,62,42,42,13.157674944161814,0.1131111882910498,2535,False,"['51_lag_traIFC', '42_lag_55_median_traEU', '47_lag_mhfIP30', '52_lag_nhTSjfm', '42_lag_54_median_AMOCann', '42_lag_45_median_mhfATL45']","[4.669271996610982, 1.385915326707126, 2.4483378647184733, 2.0073100648643205, 4.612934162148616, 4.010515642012232]","51_lag_traIFC, 42_lag_55_median_traEU, 47_lag_mhfIP30, 52_lag_nhTSjfm, 42_lag_54_median_AMOCann, 42_lag_45_median_mhfATL45_2535_42"
LRDropoutPSO,48,6,amo1,slow,914.5,2005.5,0.8,63,43,43,15.24434055481738,-0.21128702287927426,2535,False,"['43_lag_cetTSjfm', '43_lag_60_median_naoPSLjfm', '43_lag_61_median_amo3', '43_lag_51_median_arcTSjfm', '50_lag_amo1', '43_lag_52_median_traFB']","[4.611981759451627, 0.03918877705936197, 2.447508991671244, 2.1592746813926915, 1.0825594002901173, 3.2733332188782036]","43_lag_cetTSjfm, 43_lag_60_median_naoPSLjfm, 43_lag_61_median_amo3, 43_lag_51_median_arcTSjfm, 50_lag_amo1, 43_lag_52_median_traFB_2535_43"
LRDropoutPSO,49,6,amo1,slow,915.5,2005.5,0.8,64,44,44,14.017439978085008,0.10106911313273739,2535,False,"['50_lag_ensoSSTjfm', '47_lag_stratZ50ndj02', '57_lag_traWP', '53_lag_mhfIP30', '61_lag_nppc3SSTjfm', '44_lag_62_median_seurTSjfm']","[2.6308105522708143, 1.9807962870977909, 2.006221103189265, 2.0394008133310337, 2.6373428897412365, 1.980723772422784]","50_lag_ensoSSTjfm, 47_lag_stratZ50ndj02, 57_lag_traWP, 53_lag_mhfIP30, 61_lag_nppc3SSTjfm, 44_lag_62_median_seurTSjfm_2535_44"
LRDropoutPSO,50,6,amo1,slow,916.5,2005.5,0.8,65,45,45,12.498117193041782,0.38766489873058946,2535,False,"['62_lag_scpPSLjfm', '45_lag_59_median_solFORC', '61_lag_eapPSLjfm', '45_lag_60_median_cetTSjfm', '57_lag_seurTSjfm', '55_lag_mhfIP30']","[1.5520872093701747, 3.408023404847933, 2.6196505989831884, 1.4667995034340677, 2.943587993617083, 3.3549603730186224]","62_lag_scpPSLjfm, 45_lag_59_median_solFORC, 61_lag_eapPSLjfm, 45_lag_60_median_cetTSjfm, 57_lag_seurTSjfm, 55_lag_mhfIP30_2535_45"
LRDropoutPSO,51,6,amo1,slow,917.5,2005.5,0.8,66,46,46,13.786293416708443,0.005935963870274582,2535,False,"['46_lag_52_median_traEU', '46_lag_51_median_stratZ50ndj03', '46_lag_48_median_samPSLann', '46_lag_59_median_traCA', '46_lag_54_median_traDS', '46_lag_51_median_atlSICsep']","[1.3021979407339646, 1.285229718024433, 1.4336164497374253, 1.680105970718627, 1.5219961162995082, 1.7129030292478913]","46_lag_52_median_traEU, 46_lag_51_median_stratZ50ndj03, 46_lag_48_median_samPSLann, 46_lag_59_median_traCA, 46_lag_54_median_traDS, 46_lag_51_median_atlSICsep_2535_46"
LRDropoutPSO,52,6,amo1,slow,918.5,2005.5,0.8,67,47,47,13.604495255376593,-0.005921639266381659,2535,False,"['47_lag_54_median_ismPRjja', '47_lag_58_median_mhfATL30', '47_lag_50_median_eurPSLjfm', '47_lag_ginwSSTjfm', '47_lag_61_median_AMOCann', '47_lag_49_median_shSICmar']","[0.7089619398966196, 3.486724874137346, 0.19982727829795088, 1.148308935622131, 2.504304120858169, 0.8404577516055092]","47_lag_54_median_ismPRjja, 47_lag_58_median_mhfATL30, 47_lag_50_median_eurPSLjfm, 47_lag_ginwSSTjfm, 47_lag_61_median_AMOCann, 47_lag_49_median_shSICmar_2535_47"
LRDropoutPSO,53,6,amo1,slow,919.5,2005.5,0.8,68,48,48,15.737704954885363,-0.2204080458908851,2535,False,"['48_lag_traCA', '67_lag_mhfATL60', '63_lag_traEC', '63_lag_amoSSTmjjaso', '55_lag_arcTSjfm', '48_lag_59_median_AMOCann']","[0.7496642922418744, 0.24176082933063903, 3.666204346496089, 1.5977316689263787, 5.170529572952002, 0.2688172161709552]","48_lag_traCA, 67_lag_mhfATL60, 63_lag_traEC, 63_lag_amoSSTmjjaso, 55_lag_arcTSjfm, 48_lag_59_median_AMOCann_2535_48"
LRDropoutPSO,54,6,amo1,slow,920.5,2005.5,0.8,69,49,49,16.094789452558988,-0.3128442462432592,2535,False,"['49_lag_63_median_glomaSSTjfm', '63_lag_tripol1', '49_lag_63_median_shTSjfm', '49_lag_60_median_nchinaPRjja', '58_lag_yrvPRjja', '67_lag_ensoSSTjfm']","[0.7968529053656894, 2.7025765715605043, 0.7357384859062517, 3.988745993655316, 0.5393149626216847, 2.2974283192646645]","49_lag_63_median_glomaSSTjfm, 63_lag_tripol1, 49_lag_63_median_shTSjfm, 49_lag_60_median_nchinaPRjja, 58_lag_yrvPRjja, 67_lag_ensoSSTjfm_2535_49"
LRDropoutPSO,55,6,amo1,slow,921.5,2005.5,0.8,70,50,50,13.658030127893952,0.00888727462887886,2535,False,"['54_lag_amoSSTmjjaso', '55_lag_seurTSjfm', '50_lag_59_median_eurPSLjfm', '67_lag_samPSLann', '50_lag_52_median_shSICsep', '50_lag_58_median_traMC']","[0.011192597909111868, 2.2264140206699334, 0.1302983117677865, 4.228159330081345, 0.4963260499388529, 0.6184509250442822]","54_lag_amoSSTmjjaso, 55_lag_seurTSjfm, 50_lag_59_median_eurPSLjfm, 67_lag_samPSLann, 50_lag_52_median_shSICsep, 50_lag_58_median_traMC_2535_50"
LRDropoutPSO,56,6,amo1,slow,922.5,2005.5,0.8,71,51,51,13.496530270955178,0.15878820931622925,2535,False,"['51_lag_58_median_ismPRjja', '59_lag_stratZ50ndj02', '51_lag_70_median_neurTSjfm', '51_lag_54_median_traBO', '63_lag_tripol2', '69_lag_yrvPRjja']","[2.079403720866018, 1.813158607815801, 1.8991741249392322, 2.062376233469827, 1.6868506017680265, 1.9723186569368767]","51_lag_58_median_ismPRjja, 59_lag_stratZ50ndj02, 51_lag_70_median_neurTSjfm, 51_lag_54_median_traBO, 63_lag_tripol2, 69_lag_yrvPRjja_2535_51"
LRDropoutPSO,57,6,amo1,slow,923.5,2005.5,0.8,72,52,52,13.572661659821328,0.05286530792774338,2535,False,"['52_lag_68_median_stratZ50ndj02', '52_lag_53_median_mhfIP30', '57_lag_traWP', '59_lag_amo2', '52_lag_60_median_traEU', '54_lag_amoSSTmjjaso']","[1.1026422460062495, 1.463357052707085, 1.2182739536025933, 1.1552622833790467, 1.3725298203596865, 1.1200241737112686]","52_lag_68_median_stratZ50ndj02, 52_lag_53_median_mhfIP30, 57_lag_traWP, 59_lag_amo2, 52_lag_60_median_traEU, 54_lag_amoSSTmjjaso_2535_52"
LRDropoutPSO,58,6,amo1,slow,924.5,2005.5,0.8,73,53,53,13.899242508816696,0.19139776005651576,2535,False,"['55_lag_traIFC', '53_lag_56_median_atlSICsep', '53_lag_67_median_traDP', '70_lag_traWP', '53_lag_55_median_traEC', '63_lag_tripol3']","[1.2659572297413906, 2.1407895884485795, 1.0066147383716988, 2.5624974588383775, 0.07543176092362458, 5.7297932461546015]","55_lag_traIFC, 53_lag_56_median_atlSICsep, 53_lag_67_median_traDP, 70_lag_traWP, 53_lag_55_median_traEC, 63_lag_tripol3_2535_53"
LRDropoutPSO,59,6,amo1,slow,925.5,2005.5,0.8,74,54,54,19.899782683348334,-0.4648925913682098,2535,False,"['54_lag_67_median_amoSSTmjjaso', '54_lag_61_median_traIFC', '61_lag_solFORC', '54_lag_63_median_amo1', '54_lag_57_median_ismPRjja', '71_lag_ormenSSTjfm']","[5.244519843943305, 3.6224720358352656, 0.14191209908615576, 2.17652779204192, 2.0047054632479693, 0.5650938888852188]","54_lag_67_median_amoSSTmjjaso, 54_lag_61_median_traIFC, 61_lag_solFORC, 54_lag_63_median_amo1, 54_lag_57_median_ismPRjja, 71_lag_ormenSSTjfm_2535_54"
LRDropoutPSO,60,6,amo1,slow,926.5,2005.5,0.8,75,55,55,14.892676306136238,-0.07870438167820462,2535,False,"['63_lag_traDS', '65_lag_traBO', '57_lag_traEU', '55_lag_62_median_samPSLann', '58_lag_shSICmar', '55_lag_64_median_amo3']","[5.523496688601936, 1.092742485274787, 1.5134777972135556, 0.13312884969940697, 3.3263183833099603, 0.6704591282096217]","63_lag_traDS, 65_lag_traBO, 57_lag_traEU, 55_lag_62_median_samPSLann, 58_lag_shSICmar, 55_lag_64_median_amo3_2535_55"
LRDropoutPSO,61,6,amo1,slow,927.5,2005.5,0.8,76,56,56,15.57276727014253,-0.24041588269509626,2535,False,"['75_lag_atlSICjfm', '69_lag_alpi', '74_lag_gyreSSTjfm', '56_lag_mhfIP30', '56_lag_74_median_amo2', '56_lag_naoPSLjfm']","[1.9717854817056668, 1.9424311976473947, 2.5796513085763513, 2.53893830087847, 1.9374962372615352, 1.9364817532717837]","75_lag_atlSICjfm, 69_lag_alpi, 74_lag_gyreSSTjfm, 56_lag_mhfIP30, 56_lag_74_median_amo2, 56_lag_naoPSLjfm_2535_56"
LRDropoutPSO,62,6,amo1,slow,928.5,2005.5,0.8,77,57,57,14.795247911968367,0.022235812022516104,2535,False,"['68_lag_gyreSSTjfm', '57_lag_61_median_traDP', '66_lag_yrvPRjja', '57_lag_76_median_amo2', '65_lag_stratZ50ndj02', '57_lag_64_median_arcTSjfm']","[1.9133257347706003, 1.9134079064555138, 2.417582620043711, 2.144342857930068, 1.9132130516962236, 2.5508817984100776]","68_lag_gyreSSTjfm, 57_lag_61_median_traDP, 66_lag_yrvPRjja, 57_lag_76_median_amo2, 65_lag_stratZ50ndj02, 57_lag_64_median_arcTSjfm_2535_57"
LRDropoutPSO,63,6,amo1,slow,929.5,2005.5,0.8,78,58,58,13.831019636584962,-0.03105226236838323,2535,False,"['61_lag_labSSTjfm', '58_lag_70_median_traFS', '58_lag_59_median_ormenSSTjfm', '58_lag_64_median_shSICmar', '69_lag_ormenSSTjfm', '58_lag_69_median_amo3']","[2.2842851010153638, 0.5449892221173531, 2.3731711548912333, 3.4449732381699008, 1.005395915365133, 0.19940767778940227]","61_lag_labSSTjfm, 58_lag_70_median_traFS, 58_lag_59_median_ormenSSTjfm, 58_lag_64_median_shSICmar, 69_lag_ormenSSTjfm, 58_lag_69_median_amo3_2535_58"
LRDropoutPSO,64,6,amo1,slow,930.5,2005.5,0.8,79,59,59,12.783214485886653,0.46498127892276336,2535,False,"['59_lag_74_median_traDP', '71_lag_satlSSTjfm', '59_lag_60_median_ensoSSTjfm', '59_lag_75_median_atlSICjfm', '59_lag_74_median_atlSICsep', '59_lag_67_median_eapPSLjfm']","[0.4164959495327629, 1.4931417584163054, 3.1563559244730754, 1.3851364362279277, 2.8049459975134194, 4.091175184130272]","59_lag_74_median_traDP, 71_lag_satlSSTjfm, 59_lag_60_median_ensoSSTjfm, 59_lag_75_median_atlSICjfm, 59_lag_74_median_atlSICsep, 59_lag_67_median_eapPSLjfm_2535_59"
LRDropoutPSO,65,6,amo1,slow,931.5,2005.5,0.8,80,60,60,14.58290277012008,-0.07442194095755052,2535,False,"['60_lag_61_median_wnorPRjfm', '79_lag_amoSSTmjjaso', '60_lag_64_median_amo2', '71_lag_wnorPRjfm', '62_lag_ensoSSTjfm', '69_lag_traBO']","[3.391977308346645, 2.6509982902848206, 0.6292217557511961, 0.6311660737250833, 4.741294667713811, 2.2291567621553217]","60_lag_61_median_wnorPRjfm, 79_lag_amoSSTmjjaso, 60_lag_64_median_amo2, 71_lag_wnorPRjfm, 62_lag_ensoSSTjfm, 69_lag_traBO_2535_60"
LRDropoutPSO,66,6,amo1,slow,932.5,2005.5,0.8,81,61,61,15.208515929025651,-0.2787197279278336,2535,False,"['66_lag_traBO', '66_lag_traCA', '61_lag_64_median_naoPSLjfm', '70_lag_pdoSSTjfm', '61_lag_nhTSjfm', '61_lag_68_median_naoPSLjfm']","[5.379519183315093, 1.5789325554576088, 0.7661233151442097, 2.7262649908292698, 0.9494930923528635, 1.1240935891264332]","66_lag_traBO, 66_lag_traCA, 61_lag_64_median_naoPSLjfm, 70_lag_pdoSSTjfm, 61_lag_nhTSjfm, 61_lag_68_median_naoPSLjfm_2535_61"
LRDropoutPSO,67,6,amo1,slow,933.5,2005.5,0.8,82,62,62,13.554504101112345,0.04325705830646039,2535,False,"['62_lag_78_median_gyreSSTjfm', '63_lag_ormenSSTjfm', '76_lag_amo1', '69_lag_amoSSTmjjaso', '62_lag_66_median_nchinaPRjja', '62_lag_68_median_tripol1']","[0.408092667348285, 5.13536841596935, 0.7817672389661041, 1.9890596656129276, 0.01991097963338717, 1.4150799874663118]","62_lag_78_median_gyreSSTjfm, 63_lag_ormenSSTjfm, 76_lag_amo1, 69_lag_amoSSTmjjaso, 62_lag_66_median_nchinaPRjja, 62_lag_68_median_tripol1_2535_62"
LRDropoutPSO,68,6,amo1,slow,934.5,2005.5,0.8,83,63,63,14.360695849820683,0.2874844027203266,2535,False,"['76_lag_traBS', '63_lag_78_median_eapPSLjfm', '82_lag_glomaSSTjfm', '63_lag_traEU', '79_lag_amo1', '63_lag_76_median_traBO']","[2.4477242974331292, 2.036062361258245, 2.7007315085839254, 2.6130982813655224, 2.4009338571133263, 2.7147488798449415]","76_lag_traBS, 63_lag_78_median_eapPSLjfm, 82_lag_glomaSSTjfm, 63_lag_traEU, 79_lag_amo1, 63_lag_76_median_traBO_2535_63"
LRDropoutPSO,69,6,amo1,slow,935.5,2005.5,0.8,84,64,64,15.390979412656558,-0.18213966698183046,2535,False,"['64_lag_77_median_nppc3SSTjfm', '68_lag_atlSICjfm', '64_lag_66_median_traFSC', '64_lag_82_median_wnorPRjfm', '64_lag_76_median_AMOCann', '77_lag_neurTSjfm']","[3.4694543898139947, 3.1574256142782104, 2.9013602871100352, 2.6034265135436514, 2.6142710299166225, 2.6175345186988785]","64_lag_77_median_nppc3SSTjfm, 68_lag_atlSICjfm, 64_lag_66_median_traFSC, 64_lag_82_median_wnorPRjfm, 64_lag_76_median_AMOCann, 77_lag_neurTSjfm_2535_64"
LRDropoutPSO,70,6,amo1,slow,936.5,2005.5,0.8,85,65,65,13.204215526939866,0.3046030160459894,2535,False,"['65_lag_80_median_seurTSjfm', '65_lag_67_median_wnorPRjfm', '65_lag_83_median_cetTSjfm', '65_lag_80_median_amo2', '65_lag_73_median_traIT', '65_lag_80_median_satlSSTjfm']","[5.259608876699355, 0.022045720385644785, 5.24126317639565, 3.929381124613796, 1.4215409893538613, 0.12546233694433973]","65_lag_80_median_seurTSjfm, 65_lag_67_median_wnorPRjfm, 65_lag_83_median_cetTSjfm, 65_lag_80_median_amo2, 65_lag_73_median_traIT, 65_lag_80_median_satlSSTjfm_2535_65"
LRDropoutPSO,71,6,amo1,slow,937.5,2005.5,0.8,86,66,66,13.644319616183237,-0.0003489678210270271,2535,False,"['66_lag_72_median_amo3', '67_lag_traWP', '66_lag_72_median_eurPSLjfm', '79_lag_traEC', '70_lag_atlSICjfm', '66_lag_74_median_traBO']","[1.0613396560387827, 0.23920340721295474, 1.3195004271341233, 2.5594803925237315, 1.7641384083556524, 1.515612109607984]","66_lag_72_median_amo3, 67_lag_traWP, 66_lag_72_median_eurPSLjfm, 79_lag_traEC, 70_lag_atlSICjfm, 66_lag_74_median_traBO_2535_66"
LRDropoutPSO,72,6,amo1,slow,938.5,2005.5,0.8,87,67,67,13.094206748649468,0.25515269406516494,2535,False,"['83_lag_traEC', '70_lag_amo2', '67_lag_85_median_glTSjfm', '67_lag_68_median_traBO', '67_lag_79_median_traCA', '67_lag_72_median_glTSjfm']","[2.1318524405875903, 2.131832973209647, 2.677002293404436, 2.8424439642794534, 2.1318342041584004, 2.5107676448977414]","83_lag_traEC, 70_lag_amo2, 67_lag_85_median_glTSjfm, 67_lag_68_median_traBO, 67_lag_79_median_traCA, 67_lag_72_median_glTSjfm_2535_67"
LRDropoutPSO,73,6,amo1,slow,939.5,2005.5,0.8,88,68,68,14.148954354897581,-0.043431906173889735,2535,False,"['74_lag_cetTSjfm', '69_lag_stratZ50ndj02', '68_lag_traEU', '68_lag_70_median_traBO', '68_lag_71_median_traFS', '68_lag_79_median_nchinaPRjja']","[0.6027384404786318, 0.5600461664945691, 1.210762589470587, 5.010838559225574, 4.7112793638154855, 2.048601939522598]","74_lag_cetTSjfm, 69_lag_stratZ50ndj02, 68_lag_traEU, 68_lag_70_median_traBO, 68_lag_71_median_traFS, 68_lag_79_median_nchinaPRjja_2535_68"
LRDropoutPSO,74,6,amo1,slow,940.5,2005.5,0.8,89,69,69,14.487972975091946,0.0948087078450945,2535,False,"['72_lag_nhSICsep', '71_lag_nppc3SSTjfm', '69_lag_80_median_shSICmar', '69_lag_75_median_yrvPRjja', '80_lag_nppc3SSTjfm', '69_lag_77_median_traIFC']","[2.3001185821485244, 4.300499917808289, 1.4325365805258023, 1.3634968975195392, 3.7971921517615144, 3.4045414808876107]","72_lag_nhSICsep, 71_lag_nppc3SSTjfm, 69_lag_80_median_shSICmar, 69_lag_75_median_yrvPRjja, 80_lag_nppc3SSTjfm, 69_lag_77_median_traIFC_2535_69"
LRDropoutPSO,75,6,amo1,slow,941.5,2005.5,0.8,90,70,70,15.821353593636273,-0.2553420634648414,2535,False,"['70_lag_73_median_traBS', '84_lag_tripol3', '80_lag_yrvPRjja', '77_lag_stratZ50ndj01', '71_lag_satlSSTjfm', '70_lag_88_median_solFORC']","[0.9024628114945727, 0.2587244452015387, 4.844227353939299, 2.4907125097615115, 4.93784336024736, 0.4302726567283095]","70_lag_73_median_traBS, 84_lag_tripol3, 80_lag_yrvPRjja, 77_lag_stratZ50ndj01, 71_lag_satlSSTjfm, 70_lag_88_median_solFORC_2535_70"
LRDropoutPSO,76,6,amo1,slow,942.5,2005.5,0.8,91,71,71,14.665831089321774,-0.38470220078537243,2535,False,"['75_lag_traCA', '71_lag_72_median_labSSTjfm', '78_lag_nhSICjfm', '71_lag_87_median_shTSjfm', '71_lag_78_median_stratZ50ndj01', '71_lag_90_median_tripol3']","[0.022933849307806398, 1.0996068787327218, 2.707433631654128, 7.445674897499806, 0.611656670073927, 5.948896119381568]","75_lag_traCA, 71_lag_72_median_labSSTjfm, 78_lag_nhSICjfm, 71_lag_87_median_shTSjfm, 71_lag_78_median_stratZ50ndj01, 71_lag_90_median_tripol3_2535_71"
LRDropoutPSO,77,6,amo1,slow,943.5,2005.5,0.8,92,72,72,14.129657320229567,0.08213582838166,2535,False,"['91_lag_arcTSjfm', '82_lag_nchinaPRjja', '81_lag_pdoSSTjfm', '72_lag_73_median_glTSjfm', '89_lag_neurTSjfm', '80_lag_pdoSSTjfm']","[6.246745927077654, 2.7649651846264476, 1.128139456108494, 2.826014455113379, 2.088271086966923, 0.5388836017193555]","91_lag_arcTSjfm, 82_lag_nchinaPRjja, 81_lag_pdoSSTjfm, 72_lag_73_median_glTSjfm, 89_lag_neurTSjfm, 80_lag_pdoSSTjfm_2535_72"
LRDropoutPSO,78,6,amo1,slow,944.5,2005.5,0.8,93,73,73,15.196840119590252,-0.2552072112216863,2535,False,"['73_lag_ormenSSTjfm', '73_lag_75_median_traBO', '89_lag_nchinaPRjja', '73_lag_87_median_traDP', '90_lag_AMOCann', '73_lag_82_median_nppc2SSTjfm']","[0.7267122354990523, 4.008261515021276, 4.090643326597407, 1.8372460485052997, 1.70760669579305, 3.308677574830188]","73_lag_ormenSSTjfm, 73_lag_75_median_traBO, 89_lag_nchinaPRjja, 73_lag_87_median_traDP, 90_lag_AMOCann, 73_lag_82_median_nppc2SSTjfm_2535_73"
LRDropoutPSO,79,6,amo1,slow,945.5,2005.5,0.8,94,74,74,16.474475834754223,-0.42111852645742126,2535,False,"['74_lag_89_median_traEC', '74_lag_88_median_nhSICjfm', '75_lag_eurPSLjfm', '74_lag_77_median_shTSjfm', '74_lag_93_median_nchinaPRjja', '75_lag_glomaSSTjfm']","[1.2558709752872659, 3.5334276554770483, 1.0689200049668166, 3.3018694124684966, 0.3332423949457475, 0.2706407529328203]","74_lag_89_median_traEC, 74_lag_88_median_nhSICjfm, 75_lag_eurPSLjfm, 74_lag_77_median_shTSjfm, 74_lag_93_median_nchinaPRjja, 75_lag_glomaSSTjfm_2535_74"
LRDropoutPSO,80,6,amo1,slow,946.5,2005.5,0.8,95,75,75,13.781371073061203,-0.05356623499702992,2535,False,"['75_lag_93_median_ensoSSTjfm', '89_lag_pdoSSTjfm', '80_lag_traBS', '75_lag_79_median_amo3', '78_lag_nhTSjfm', '93_lag_shSICsep']","[1.6433214081269387, 1.9974649756570313, 1.6471821973044656, 1.534043717014221, 1.498098959479268, 1.8561882773910723]","75_lag_93_median_ensoSSTjfm, 89_lag_pdoSSTjfm, 80_lag_traBS, 75_lag_79_median_amo3, 78_lag_nhTSjfm, 93_lag_shSICsep_2535_75"
LRDropoutPSO,81,6,amo1,slow,947.5,2005.5,0.8,96,76,76,15.620320018045337,-0.2460026075792273,2535,False,"['93_lag_amoSSTmjjaso', '83_lag_gyreSSTjfm', '77_lag_traFS', '76_lag_89_median_stratZ50ndj04', '76_lag_77_median_mhfATL45', '92_lag_tripol2']","[2.5332873998280654, 2.28606694181741, 2.2144075132737253, 2.43701102097211, 2.286105086431299, 2.2751484071486434]","93_lag_amoSSTmjjaso, 83_lag_gyreSSTjfm, 77_lag_traFS, 76_lag_89_median_stratZ50ndj04, 76_lag_77_median_mhfATL45, 92_lag_tripol2_2535_76"
LRDropoutPSO,82,6,amo1,slow,948.5,2005.5,0.8,97,77,77,14.77165606984585,-0.17807728170764867,2535,False,"['77_lag_86_median_nhSICsep', '77_lag_83_median_eurPSLjfm', '77_lag_89_median_solFORC', '77_lag_90_median_shSICsep', '77_lag_80_median_traIT', '77_lag_83_median_traFS']","[2.2452244096990377, 0.8021743773361365, 4.883528047544889, 2.1511295950041216, 0.00935632112523166, 1.794251186785278]","77_lag_86_median_nhSICsep, 77_lag_83_median_eurPSLjfm, 77_lag_89_median_solFORC, 77_lag_90_median_shSICsep, 77_lag_80_median_traIT, 77_lag_83_median_traFS_2535_77"
LRDropoutPSO,83,6,amo1,slow,949.5,2005.5,0.8,98,78,78,14.170978155173966,0.21419209358894584,2535,False,"['78_lag_95_median_arcTSjfm', '86_lag_solFORC', '82_lag_traBO', '78_lag_95_median_pdoSSTjfm', '79_lag_traFS', '78_lag_82_median_nhSICsep']","[1.6142685578466676, 1.6270576777613357, 1.8458332427632753, 1.6892860870318516, 2.1467351564512573, 1.6100803565357493]","78_lag_95_median_arcTSjfm, 86_lag_solFORC, 82_lag_traBO, 78_lag_95_median_pdoSSTjfm, 79_lag_traFS, 78_lag_82_median_nhSICsep_2535_78"
LRDropoutPSO,84,6,amo1,slow,950.5,2005.5,0.8,99,79,79,13.85048244141724,-0.03474026779404703,2535,False,"['98_lag_nhSICsep', '79_lag_90_median_neurTSjfm', '93_lag_AMOCann', '79_lag_89_median_tripol1', '81_lag_naoPSLjfm', '79_lag_90_median_traBS']","[1.4774163349891192, 1.7427842998746945, 1.929638992108217, 1.887942499917969, 1.447837201971613, 1.6319570506062564]","98_lag_nhSICsep, 79_lag_90_median_neurTSjfm, 93_lag_AMOCann, 79_lag_89_median_tripol1, 81_lag_naoPSLjfm, 79_lag_90_median_traBS_2535_79"
LRDropoutPSO,85,6,amo1,slow,951.5,2005.5,0.8,100,80,80,14.200443268369694,-0.14516058248990035,2535,False,"['94_lag_ismPRjja', '99_lag_traIFC', '99_lag_nhTSjfm', '80_lag_84_median_samPSLann', '92_lag_traFS', '89_lag_glTSjfm']","[1.6385413656757408, 1.4344102910327439, 1.2289987019998743, 1.23260632689125, 1.4400978722934308, 1.4227929730849311]","94_lag_ismPRjja, 99_lag_traIFC, 99_lag_nhTSjfm, 80_lag_84_median_samPSLann, 92_lag_traFS, 89_lag_glTSjfm_2535_80"
