model,num_irrelevant,max_allowed_features,target_feature,dataset,year_start,year_end,splitsize,max_lag,init_lag,max_forecast,mae_score,corr_score,n_total_features,selected_feature_list,feature_importances,selected_features
LinearRegression,0,6,traDP,shigh,1514.5,2005.5,0.4,15,1,4,30.83881728914048,-0.16085710065413406,1755,"['4_lag_traEC', '8_lag_alpi', '6_lag_shSICmar', '12_lag_shSICsep', '10_lag_ismPRjja', '10_lag_traEU']","[0.05115778776261049, 0.02173408882950892, 0.276150812072854, 0.031049344884785716, 0.07151830603061116, 0.09965128313082378]","4_lag_traEC, 8_lag_alpi, 6_lag_shSICmar, 12_lag_shSICsep, 10_lag_ismPRjja, 10_lag_traEU_1755_4"
LinearRegression,1,6,traDP,shigh,1515.5,2005.5,0.4,16,1,8,30.42008639151928,-0.0955763792055906,1885,"['13_lag_shSICmar', '8_lag_alpi', '10_lag_ismPRjja', '12_lag_shSICsep', '15_lag_alpi', '10_lag_traEU']","[0.11585185597015224, 0.032574259208485244, 0.07021228977067029, 0.041549498063630015, 0.007403301052580093, 0.12342825159342519]","13_lag_shSICmar, 8_lag_alpi, 10_lag_ismPRjja, 12_lag_shSICsep, 15_lag_alpi, 10_lag_traEU_1885_8"
LinearRegression,2,6,traDP,shigh,1516.5,2005.5,0.4,17,1,6,31.96733045439607,-0.17721170401694242,2015,"['16_lag_atlSICsep', '6_lag_shSICmar', '10_lag_ismPRjja', '15_lag_alpi', '16_lag_alpi', '10_lag_traEU']","[0.07759938646918746, 0.2792266924994367, 0.07668676696410445, 0.006696453649136597, 0.045592334725256325, 0.10447508581716909]","16_lag_atlSICsep, 6_lag_shSICmar, 10_lag_ismPRjja, 15_lag_alpi, 16_lag_alpi, 10_lag_traEU_2015_6"
LinearRegression,3,6,traDP,shigh,1517.5,2005.5,0.4,18,1,10,31.29397259815031,-0.14497756813963864,2145,"['17_lag_yrvPRjja', '10_lag_ismPRjja', '17_lag_neurTSjfm', '10_lag_traEU', '16_lag_alpi', '15_lag_alpi']","[0.030453416300587184, 0.08145613403334143, 0.10617106178514896, 0.1258311823229832, 0.05588136156589521, 0.0007214704810168671]","17_lag_yrvPRjja, 10_lag_ismPRjja, 17_lag_neurTSjfm, 10_lag_traEU, 16_lag_alpi, 15_lag_alpi_2145_10"
LinearRegression,4,6,traDP,shigh,1518.5,2005.5,0.4,19,1,10,32.010642623462786,-0.1701780432129959,2275,"['18_lag_traMC', '10_lag_ismPRjja', '16_lag_alpi', '15_lag_alpi', '10_lag_traEU', '17_lag_neurTSjfm']","[0.05003501311762076, 0.08219211799383917, 0.05117133673246901, 0.005950159563234029, 0.12988523142945652, 0.1075222834294719]","18_lag_traMC, 10_lag_ismPRjja, 16_lag_alpi, 15_lag_alpi, 10_lag_traEU, 17_lag_neurTSjfm_2275_10"
LinearRegression,5,6,traDP,shigh,1519.5,2005.5,0.4,20,1,10,32.028460598163086,-0.1707043318279816,2405,"['18_lag_traMC', '10_lag_ismPRjja', '16_lag_alpi', '10_lag_traEU', '15_lag_alpi', '17_lag_neurTSjfm']","[0.05086849100982465, 0.08107281561271598, 0.0507901758881087, 0.12885932289758878, 0.006612884730279803, 0.10857809655300842]","18_lag_traMC, 10_lag_ismPRjja, 16_lag_alpi, 10_lag_traEU, 15_lag_alpi, 17_lag_neurTSjfm_2405_10"
LinearRegression,6,6,traDP,shigh,1520.5,2005.5,0.4,21,1,10,31.241718677204478,-0.08564704231499211,2535,"['18_lag_samPSLann', '16_lag_alpi', '20_lag_yrvPRjja', '15_lag_alpi', '10_lag_traEU', '17_lag_neurTSjfm']","[0.0556313034299854, 0.04081729433037953, 0.10286275727355251, 0.013928088988163202, 0.13484622644063596, 0.12464557491474215]","18_lag_samPSLann, 16_lag_alpi, 20_lag_yrvPRjja, 15_lag_alpi, 10_lag_traEU, 17_lag_neurTSjfm_2535_10"
LinearRegression,7,6,traDP,shigh,1521.5,2005.5,0.4,22,2,6,32.4447733017502,-0.1766037420654009,2535,"['6_lag_shSICmar', '18_lag_traMC', '20_lag_yrvPRjja', '17_lag_neurTSjfm', '15_lag_alpi', '10_lag_traEU']","[0.2642184029544974, 0.05270153705583039, 0.08498625047025687, 0.10664205399388288, 0.00955366176092098, 0.10935503128301119]","6_lag_shSICmar, 18_lag_traMC, 20_lag_yrvPRjja, 17_lag_neurTSjfm, 15_lag_alpi, 10_lag_traEU_2535_6"
LinearRegression,8,6,traDP,shigh,1522.5,2005.5,0.4,23,3,6,32.44045243591068,-0.16487354066412604,2535,"['21_lag_yrvPRjja', '12_lag_shSICmar', '18_lag_traMC', '6_lag_shSICmar', '17_lag_neurTSjfm', '10_lag_traEU']","[0.03388910549902283, 0.0964749820911216, 0.04639327817091023, 0.24665036208521046, 0.09868744059213294, 0.0986364929430555]","21_lag_yrvPRjja, 12_lag_shSICmar, 18_lag_traMC, 6_lag_shSICmar, 17_lag_neurTSjfm, 10_lag_traEU_2535_6"
LinearRegression,9,6,traDP,shigh,1523.5,2005.5,0.4,24,4,6,32.54967499659089,-0.1638422257364475,2535,"['21_lag_yrvPRjja', '6_lag_shSICmar', '12_lag_shSICmar', '18_lag_traMC', '17_lag_neurTSjfm', '10_lag_traEU']","[0.033678805013866595, 0.24708253026414656, 0.09809110528004215, 0.04633710964107904, 0.09817865173397436, 0.09743475395358157]","21_lag_yrvPRjja, 6_lag_shSICmar, 12_lag_shSICmar, 18_lag_traMC, 17_lag_neurTSjfm, 10_lag_traEU_2535_6"
LinearRegression,10,6,traDP,shigh,1524.5,2005.5,0.4,25,5,10,32.65626384289423,-0.1472687301503568,2535,"['24_lag_eapPSLjfm', '18_lag_traMC', '17_lag_neurTSjfm', '15_lag_ismPRjja', '21_lag_yrvPRjja', '10_lag_traEU']","[0.042401035158446176, 0.05946463308610889, 0.11147389107084231, 0.10297646899782109, 0.04721346903350572, 0.1223934456408885]","24_lag_eapPSLjfm, 18_lag_traMC, 17_lag_neurTSjfm, 15_lag_ismPRjja, 21_lag_yrvPRjja, 10_lag_traEU_2535_10"
LinearRegression,11,6,traDP,shigh,1525.5,2005.5,0.4,26,6,6,32.65170752879734,-0.16538014822526628,2535,"['20_lag_yrvPRjja', '25_lag_yrvPRjja', '18_lag_traMC', '10_lag_traEU', '15_lag_ismPRjja', '6_lag_shSICmar']","[0.07284701745949915, 0.020802388354238227, 0.06228690581352099, 0.10548965758472109, 0.07198013770740773, 0.2781997249630765]","20_lag_yrvPRjja, 25_lag_yrvPRjja, 18_lag_traMC, 10_lag_traEU, 15_lag_ismPRjja, 6_lag_shSICmar_2535_6"
LinearRegression,12,6,traDP,shigh,1526.5,2005.5,0.4,27,7,15,35.146255033638404,0.04846124289944412,2535,"['25_lag_yrvPRjja', '26_lag_wnorPRjfm', '17_lag_neurTSjfm', '21_lag_neurTSjfm', '23_lag_shSICsep', '15_lag_ismPRjja']","[0.044474909701107165, 0.08724585592090928, 0.1237015370927877, 0.06510964528985241, 0.2258601656453306, 0.06544542452974322]","25_lag_yrvPRjja, 26_lag_wnorPRjfm, 17_lag_neurTSjfm, 21_lag_neurTSjfm, 23_lag_shSICsep, 15_lag_ismPRjja_2535_15"
LinearRegression,13,6,traDP,shigh,1527.5,2005.5,0.4,28,8,12,35.31883829119378,0.11913410099424379,2535,"['13_lag_shSICmar', '12_lag_shSICsep', '16_lag_alpi', '27_lag_shSICsep', '17_lag_neurTSjfm', '15_lag_ismPRjja']","[0.07416447042705393, 0.04975687626863431, 0.03628168959455984, 0.2834393176797681, 0.13531511703271015, 0.08349785875405838]","13_lag_shSICmar, 12_lag_shSICsep, 16_lag_alpi, 27_lag_shSICsep, 17_lag_neurTSjfm, 15_lag_ismPRjja_2535_12"
LinearRegression,14,6,traDP,shigh,1528.5,2005.5,0.4,29,9,15,37.05758984264302,0.14568123392145266,2535,"['15_lag_ismPRjja', '16_lag_alpi', '25_lag_yrvPRjja', '23_lag_shSICsep', '17_lag_neurTSjfm', '27_lag_shSICsep']","[0.06624308580766669, 0.0396982727917074, 0.035391381080291745, 0.1282892393810392, 0.13485192897091447, 0.2174605407360846]","15_lag_ismPRjja, 16_lag_alpi, 25_lag_yrvPRjja, 23_lag_shSICsep, 17_lag_neurTSjfm, 27_lag_shSICsep_2535_15"
LinearRegression,15,6,traDP,shigh,1529.5,2005.5,0.4,30,10,10,36.213437807170415,0.1869028466574782,2535,"['16_lag_alpi', '23_lag_shSICsep', '20_lag_yrvPRjja', '29_lag_traMC', '10_lag_traEU', '27_lag_shSICsep']","[0.05161051523202816, 0.1466436326596473, 0.05581429547701455, 0.015366957087152355, 0.11032031009772934, 0.17432311125305955]","16_lag_alpi, 23_lag_shSICsep, 20_lag_yrvPRjja, 29_lag_traMC, 10_lag_traEU, 27_lag_shSICsep_2535_10"
LinearRegression,16,6,traDP,shigh,1530.5,2005.5,0.4,31,11,20,36.78841885188762,0.24478421526371594,2535,"['26_lag_nchinaPRjja', '20_lag_yrvPRjja', '28_lag_shSICsep', '29_lag_traMC', '29_lag_shSICsep', '27_lag_shSICsep']","[0.06014836472524959, 0.06376140313166347, 0.06782049718802878, 0.005024487737309152, 0.12626938106933894, 0.15429469056793424]","26_lag_nchinaPRjja, 20_lag_yrvPRjja, 28_lag_shSICsep, 29_lag_traMC, 29_lag_shSICsep, 27_lag_shSICsep_2535_20"
LinearRegression,17,6,traDP,shigh,1531.5,2005.5,0.4,32,12,17,38.01618607649484,0.1948568708767965,2535,"['24_lag_shSICsep', '27_lag_shSICsep', '17_lag_neurTSjfm', '28_lag_shSICsep', '26_lag_nchinaPRjja', '29_lag_shSICsep']","[0.0981742016562818, 0.12809516858545936, 0.1295122150486784, 0.0819185113797817, 0.04595078695378646, 0.08769179777278817]","24_lag_shSICsep, 27_lag_shSICsep, 17_lag_neurTSjfm, 28_lag_shSICsep, 26_lag_nchinaPRjja, 29_lag_shSICsep_2535_17"
LinearRegression,18,6,traDP,shigh,1532.5,2005.5,0.4,33,13,17,37.0920273089774,0.20533562908762046,2535,"['29_lag_traMC', '28_lag_shSICsep', '17_lag_neurTSjfm', '20_lag_yrvPRjja', '27_lag_shSICsep', '29_lag_shSICsep']","[0.011257421609230137, 0.09567576844210872, 0.14370998583834002, 0.07212863424388169, 0.14746844248710053, 0.10751292322967453]","29_lag_traMC, 28_lag_shSICsep, 17_lag_neurTSjfm, 20_lag_yrvPRjja, 27_lag_shSICsep, 29_lag_shSICsep_2535_17"
LinearRegression,19,6,traDP,shigh,1533.5,2005.5,0.4,34,14,20,37.89159502166422,0.2590295055299329,2535,"['28_lag_shSICsep', '23_lag_shSICsep', '29_lag_shSICsep', '20_lag_yrvPRjja', '29_lag_traMC', '27_lag_shSICsep']","[0.05868378152180528, 0.12140986617291627, 0.12507756174544937, 0.05334522107459849, 0.007602129379332097, 0.10123812184878966]","28_lag_shSICsep, 23_lag_shSICsep, 29_lag_shSICsep, 20_lag_yrvPRjja, 29_lag_traMC, 27_lag_shSICsep_2535_20"
LinearRegression,20,6,traDP,shigh,1534.5,2005.5,0.4,35,15,15,37.168131577474895,0.23949227845808418,2535,"['27_lag_nchinaPRjja', '15_lag_ismPRjja', '29_lag_shSICsep', '28_lag_shSICsep', '29_lag_traMC', '27_lag_shSICsep']","[0.03936500566020608, 0.0868498763573886, 0.12277166244894905, 0.07488571116305201, 0.008530945740464195, 0.16119439006887626]","27_lag_nchinaPRjja, 15_lag_ismPRjja, 29_lag_shSICsep, 28_lag_shSICsep, 29_lag_traMC, 27_lag_shSICsep_2535_15"
LinearRegression,21,6,traDP,shigh,1535.5,2005.5,0.4,36,16,20,37.17368190857474,0.27776042842224746,2535,"['20_lag_yrvPRjja', '27_lag_nchinaPRjja', '29_lag_shSICsep', '29_lag_traMC', '27_lag_shSICsep', '28_lag_shSICsep']","[0.0669993596922014, 0.04392983369462197, 0.12814666110837175, 0.00753461502242876, 0.157854993638771, 0.07502342110142335]","20_lag_yrvPRjja, 27_lag_nchinaPRjja, 29_lag_shSICsep, 29_lag_traMC, 27_lag_shSICsep, 28_lag_shSICsep_2535_20"
LinearRegression,22,6,traDP,shigh,1536.5,2005.5,0.4,37,17,17,38.57699452060576,0.25087342887506076,2535,"['27_lag_shSICsep', '35_lag_shSICsep', '17_lag_traCA', '17_lag_neurTSjfm', '28_lag_shSICsep', '29_lag_shSICsep']","[0.16985289977349216, 0.09124425344104234, 0.046282127199042386, 0.11484783319709732, 0.08690709615559147, 0.0729681587042863]","27_lag_shSICsep, 35_lag_shSICsep, 17_lag_traCA, 17_lag_neurTSjfm, 28_lag_shSICsep, 29_lag_shSICsep_2535_17"
LinearRegression,23,6,traDP,shigh,1537.5,2005.5,0.4,38,18,21,38.45511764742733,0.2763312345453672,2535,"['21_lag_traEU', '28_lag_nchinaPRjja', '35_lag_shSICsep', '29_lag_shSICsep', '27_lag_shSICsep', '30_lag_shSICsep']","[0.07061574177447122, 0.05428227914044606, 0.07536777906077452, 0.11397435135245, 0.16101351644352607, 0.06883000467478373]","21_lag_traEU, 28_lag_nchinaPRjja, 35_lag_shSICsep, 29_lag_shSICsep, 27_lag_shSICsep, 30_lag_shSICsep_2535_21"
LinearRegression,24,6,traDP,shigh,1538.5,2005.5,0.4,39,19,26,37.0464630132352,0.259517067797885,2535,"['34_lag_traIFC', '26_lag_nchinaPRjja', '35_lag_shSICsep', '30_lag_shSICsep', '28_lag_shSICsep', '29_lag_shSICsep']","[0.17418160297949775, 0.049686932991545946, 0.08655019891306608, 0.09032600328919255, 0.12960819312966348, 0.07476523422906894]","34_lag_traIFC, 26_lag_nchinaPRjja, 35_lag_shSICsep, 30_lag_shSICsep, 28_lag_shSICsep, 29_lag_shSICsep_2535_26"
LinearRegression,25,6,traDP,shigh,1539.5,2005.5,0.4,40,20,20,37.81326222841072,0.2987449808258391,2535,"['26_lag_nchinaPRjja', '30_lag_shSICsep', '28_lag_shSICsep', '29_lag_shSICsep', '37_lag_stratZ50ndj01', '20_lag_traTLS']","[0.06349496297525542, 0.14364745523873343, 0.1617761908586023, 0.07802924933281599, 0.06553979757567119, 0.0691371466031106]","26_lag_nchinaPRjja, 30_lag_shSICsep, 28_lag_shSICsep, 29_lag_shSICsep, 37_lag_stratZ50ndj01, 20_lag_traTLS_2535_20"
LinearRegression,26,6,traDP,shigh,1540.5,2005.5,0.4,41,21,21,35.77209747430802,0.23381740727276865,2535,"['39_lag_shSICsep', '21_lag_traEU', '28_lag_nchinaPRjja', '37_lag_stratZ50ndj01', '36_lag_alpi', '40_lag_satlSSTjfm']","[0.1802674482809853, 0.07429465923583244, 0.06769002341575092, 0.04362496683999572, 0.04609763833271566, 0.41821570312798334]","39_lag_shSICsep, 21_lag_traEU, 28_lag_nchinaPRjja, 37_lag_stratZ50ndj01, 36_lag_alpi, 40_lag_satlSSTjfm_2535_21"
LinearRegression,27,6,traDP,shigh,1541.5,2005.5,0.4,42,22,27,37.93019619986758,0.2836803912242233,2535,"['29_lag_shSICsep', '27_lag_shSICsep', '37_lag_stratZ50ndj01', '28_lag_nchinaPRjja', '40_lag_satlSSTjfm', '38_lag_yrvPRjja']","[0.16969728294525713, 0.16114844883616086, 0.02184894239884134, 0.06794546412591379, 0.27697637713269774, 0.05582191780907192]","29_lag_shSICsep, 27_lag_shSICsep, 37_lag_stratZ50ndj01, 28_lag_nchinaPRjja, 40_lag_satlSSTjfm, 38_lag_yrvPRjja_2535_27"
LinearRegression,28,6,traDP,shigh,1542.5,2005.5,0.4,43,23,23,38.006104147582214,0.25322166613896463,2535,"['27_lag_shSICsep', '23_lag_shSICsep', '37_lag_stratZ50ndj01', '28_lag_nchinaPRjja', '38_lag_yrvPRjja', '40_lag_satlSSTjfm']","[0.1986060322663285, 0.13067459467375764, 0.011496639442505834, 0.05709304148242964, 0.050438973531170085, 0.29892315964431265]","27_lag_shSICsep, 23_lag_shSICsep, 37_lag_stratZ50ndj01, 28_lag_nchinaPRjja, 38_lag_yrvPRjja, 40_lag_satlSSTjfm_2535_23"
LinearRegression,29,6,traDP,shigh,1543.5,2005.5,0.4,44,24,24,32.96345381685898,0.16043501535764595,2535,"['43_lag_ensoSSTjfm', '24_lag_nchinaPRjja', '33_lag_samPSLann', '28_lag_nchinaPRjja', '35_lag_atlSICjfm', '40_lag_satlSSTjfm']","[0.06093730991329561, 0.009707828483079592, 0.013863028218561342, 0.08807580908593732, 0.12748535537320796, 0.37087817849200266]","43_lag_ensoSSTjfm, 24_lag_nchinaPRjja, 33_lag_samPSLann, 28_lag_nchinaPRjja, 35_lag_atlSICjfm, 40_lag_satlSSTjfm_2535_24"
LinearRegression,30,6,traDP,shigh,1544.5,2005.5,0.4,45,25,28,36.22140901410612,0.3123024780209339,2535,"['37_lag_stratZ50ndj01', '31_lag_shSICsep', '33_lag_samPSLann', '35_lag_atlSICjfm', '40_lag_satlSSTjfm', '28_lag_nchinaPRjja']","[0.04040349052957449, 0.2385957735656999, 0.023971842894367004, 0.08790543039903517, 0.28155172148290475, 0.06305060263385757]","37_lag_stratZ50ndj01, 31_lag_shSICsep, 33_lag_samPSLann, 35_lag_atlSICjfm, 40_lag_satlSSTjfm, 28_lag_nchinaPRjja_2535_28"
LinearRegression,31,6,traDP,shigh,1545.5,2005.5,0.4,46,26,28,32.955066023439436,0.13949330508204688,2535,"['33_lag_samPSLann', '44_lag_nchinaPRjja', '40_lag_yrvPRjja', '28_lag_nchinaPRjja', '40_lag_satlSSTjfm', '38_lag_yrvPRjja']","[0.010648981645150052, 0.10982776997869394, 0.06981811855804892, 0.05849996352523477, 0.3985741995683011, 0.09967954337750055]","33_lag_samPSLann, 44_lag_nchinaPRjja, 40_lag_yrvPRjja, 28_lag_nchinaPRjja, 40_lag_satlSSTjfm, 38_lag_yrvPRjja_2535_28"
LinearRegression,32,6,traDP,shigh,1546.5,2005.5,0.4,47,27,27,38.893066596805404,0.3321420223963413,2535,"['28_lag_nchinaPRjja', '35_lag_atlSICjfm', '35_lag_shSICsep', '27_lag_shSICsep', '40_lag_satlSSTjfm', '38_lag_yrvPRjja']","[0.02191464246152224, 0.047689691266110945, 0.18701259662965877, 0.19443854263456456, 0.35409043517565025, 0.06318482894288524]","28_lag_nchinaPRjja, 35_lag_atlSICjfm, 35_lag_shSICsep, 27_lag_shSICsep, 40_lag_satlSSTjfm, 38_lag_yrvPRjja_2535_27"
LinearRegression,33,6,traDP,shigh,1547.5,2005.5,0.4,48,28,28,37.24257620842477,0.2660434806542043,2535,"['28_lag_traDS', '28_lag_shSICsep', '35_lag_atlSICjfm', '40_lag_satlSSTjfm', '38_lag_yrvPRjja', '28_lag_nchinaPRjja']","[0.07304021234397856, 0.28448112071553167, 0.0876357314457604, 0.2982277312886643, 0.1009843220328066, 0.057207105174625114]","28_lag_traDS, 28_lag_shSICsep, 35_lag_atlSICjfm, 40_lag_satlSSTjfm, 38_lag_yrvPRjja, 28_lag_nchinaPRjja_2535_28"
LinearRegression,34,6,traDP,shigh,1548.5,2005.5,0.4,49,29,29,35.84426822409494,0.23963956033056252,2535,"['35_lag_atlSICjfm', '48_lag_alpi', '48_lag_shSICsep', '40_lag_satlSSTjfm', '29_lag_shSICsep', '38_lag_yrvPRjja']","[0.05860454058432787, 0.015889451150561285, 0.07054480594071613, 0.2563514671295283, 0.26402959371169055, 0.09998573871438887]","35_lag_atlSICjfm, 48_lag_alpi, 48_lag_shSICsep, 40_lag_satlSSTjfm, 29_lag_shSICsep, 38_lag_yrvPRjja_2535_29"
LinearRegression,35,6,traDP,shigh,1549.5,2005.5,0.4,50,30,30,36.075583172932156,0.2119180427070463,2535,"['30_lag_shSICsep', '48_lag_alpi', '48_lag_shSICsep', '39_lag_arcTSjfm', '40_lag_satlSSTjfm', '38_lag_yrvPRjja']","[0.27706033813509967, 0.031803119526255585, 0.09208424336578935, 0.041661787298736395, 0.29490229427109654, 0.07719412506834622]","30_lag_shSICsep, 48_lag_alpi, 48_lag_shSICsep, 39_lag_arcTSjfm, 40_lag_satlSSTjfm, 38_lag_yrvPRjja_2535_30"
LinearRegression,36,6,traDP,shigh,1550.5,2005.5,0.4,51,31,33,35.825626500940025,0.19386197341826306,2535,"['40_lag_satlSSTjfm', '33_lag_samPSLann', '35_lag_shSICsep', '50_lag_shSICsep', '39_lag_arcTSjfm', '38_lag_yrvPRjja']","[0.3977508790762056, 0.01097557727692268, 0.29890815031319634, 0.13964345790857785, 0.0592775143179545, 0.10648334119697006]","40_lag_satlSSTjfm, 33_lag_samPSLann, 35_lag_shSICsep, 50_lag_shSICsep, 39_lag_arcTSjfm, 38_lag_yrvPRjja_2535_33"
LinearRegression,37,6,traDP,shigh,1551.5,2005.5,0.4,52,32,35,31.282429611296482,0.004739233301382349,2535,"['43_lag_ensoSSTjfm', '51_lag_shSICsep', '40_lag_satlSSTjfm', '35_lag_atlSICjfm', '38_lag_yrvPRjja', '39_lag_arcTSjfm']","[0.06727098926662042, 0.11512490280482895, 0.3489372523035177, 0.13948185116184902, 0.10878358721653933, 0.10431777030011613]","43_lag_ensoSSTjfm, 51_lag_shSICsep, 40_lag_satlSSTjfm, 35_lag_atlSICjfm, 38_lag_yrvPRjja, 39_lag_arcTSjfm_2535_35"
LinearRegression,38,6,traDP,shigh,1552.5,2005.5,0.4,53,33,35,33.41693354531993,0.12783874506551204,2535,"['39_lag_arcTSjfm', '35_lag_atlSICjfm', '48_lag_traMC', '40_lag_satlSSTjfm', '52_lag_traEU', '38_lag_yrvPRjja']","[0.09855310655181365, 0.128060009067042, 0.10800774191985302, 0.35357419794721107, 0.08327329856360446, 0.10836558748790884]","39_lag_arcTSjfm, 35_lag_atlSICjfm, 48_lag_traMC, 40_lag_satlSSTjfm, 52_lag_traEU, 38_lag_yrvPRjja_2535_35"
LinearRegression,39,6,traDP,shigh,1553.5,2005.5,0.4,54,34,34,32.1077390045803,0.07123133309522464,2535,"['34_lag_traDS', '34_lag_traIFC', '52_lag_traEU', '53_lag_nchinaPRjja', '38_lag_yrvPRjja', '40_lag_satlSSTjfm']","[0.007198934026192451, 0.25581870471484663, 0.06157638402299245, 0.10769753191703942, 0.11471488212516331, 0.40374061856501614]","34_lag_traDS, 34_lag_traIFC, 52_lag_traEU, 53_lag_nchinaPRjja, 38_lag_yrvPRjja, 40_lag_satlSSTjfm_2535_34"
LinearRegression,40,6,traDP,shigh,1554.5,2005.5,0.4,55,35,35,38.373970738684484,0.3031064566879611,2535,"['38_lag_yrvPRjja', '48_lag_traMC', '52_lag_traEU', '40_lag_satlSSTjfm', '35_lag_shSICsep', '35_lag_atlSICjfm']","[0.08594234121905252, 0.08985968993069088, 0.058663176612512136, 0.4359944060102643, 0.2716784476698057, 0.06634810217667672]","38_lag_yrvPRjja, 48_lag_traMC, 52_lag_traEU, 40_lag_satlSSTjfm, 35_lag_shSICsep, 35_lag_atlSICjfm_2535_35"
LinearRegression,41,6,traDP,shigh,1555.5,2005.5,0.4,56,36,38,32.11428233889098,-0.12777984825191677,2535,"['55_lag_shSICsep', '38_lag_yrvPRjja', '52_lag_traEU', '53_lag_nchinaPRjja', '40_lag_satlSSTjfm', '48_lag_traMC']","[0.159286850776878, 0.108102875984184, 0.08039438399642405, 0.08068845273348155, 0.3753836941649106, 0.12731337385227942]","55_lag_shSICsep, 38_lag_yrvPRjja, 52_lag_traEU, 53_lag_nchinaPRjja, 40_lag_satlSSTjfm, 48_lag_traMC_2535_38"
LinearRegression,42,6,traDP,shigh,1556.5,2005.5,0.4,57,37,37,34.31444045236935,0.12801870447454092,2535,"['56_lag_stratZ50ndj02', '37_lag_stratZ50ndj01', '40_lag_satlSSTjfm', '53_lag_nchinaPRjja', '48_lag_traMC', '47_lag_yrvPRjja']","[0.03514302749278792, 0.035838668554113134, 0.44134674782493993, 0.07147595113569662, 0.14977429520846, 0.09909838336161267]","56_lag_stratZ50ndj02, 37_lag_stratZ50ndj01, 40_lag_satlSSTjfm, 53_lag_nchinaPRjja, 48_lag_traMC, 47_lag_yrvPRjja_2535_37"
LinearRegression,43,6,traDP,shigh,1557.5,2005.5,0.4,58,38,38,33.46352509233235,0.0006609300255432269,2535,"['51_lag_traBS', '56_lag_yrvPRjja', '52_lag_traEU', '47_lag_yrvPRjja', '38_lag_yrvPRjja', '48_lag_traMC']","[0.09253166141227938, 0.10527579852560011, 0.10223538247813302, 0.08655934141910918, 0.11426372794900341, 0.19225066708185123]","51_lag_traBS, 56_lag_yrvPRjja, 52_lag_traEU, 47_lag_yrvPRjja, 38_lag_yrvPRjja, 48_lag_traMC_2535_38"
LinearRegression,44,6,traDP,shigh,1558.5,2005.5,0.4,59,39,41,30.810706608644185,-0.4015163522384238,2535,"['52_lag_traEU', '41_lag_shSICmar', '58_lag_shSICsep', '56_lag_stratZ50ndj02', '56_lag_yrvPRjja', '48_lag_traMC']","[0.076657233505668, 0.17151813388313603, 0.195945335148272, 0.03159289355708149, 0.08381549827388858, 0.215376846768092]","52_lag_traEU, 41_lag_shSICmar, 58_lag_shSICsep, 56_lag_stratZ50ndj02, 56_lag_yrvPRjja, 48_lag_traMC_2535_41"
LinearRegression,45,6,traDP,shigh,1559.5,2005.5,0.4,60,40,40,34.401850837158484,0.10229183324110228,2535,"['40_lag_satlSSTjfm', '59_lag_traEU', '56_lag_yrvPRjja', '56_lag_stratZ50ndj02', '59_lag_pdoSSTjfm', '48_lag_traMC']","[0.4552958716426875, 0.052032544817595616, 0.10738828763295771, 0.016645708862452382, 0.13794848278732139, 0.16440076389549763]","40_lag_satlSSTjfm, 59_lag_traEU, 56_lag_yrvPRjja, 56_lag_stratZ50ndj02, 59_lag_pdoSSTjfm, 48_lag_traMC_2535_40"
LinearRegression,46,6,traDP,shigh,1560.5,2005.5,0.4,61,41,41,32.307882689522614,-0.1812374838163006,2535,"['57_lag_pdoSSTjfm', '53_lag_nchinaPRjja', '55_lag_traMC', '41_lag_shSICmar', '60_lag_pdoSSTjfm', '59_lag_pdoSSTjfm']","[0.13342212719270874, 0.03773604412930398, 0.12300640742128503, 0.25853687694344857, 0.09814036076387153, 0.12247216746428757]","57_lag_pdoSSTjfm, 53_lag_nchinaPRjja, 55_lag_traMC, 41_lag_shSICmar, 60_lag_pdoSSTjfm, 59_lag_pdoSSTjfm_2535_41"
LinearRegression,47,6,traDP,shigh,1561.5,2005.5,0.4,62,42,53,32.48451739623963,0.051124714816187536,2535,"['60_lag_scpPSLjfm', '57_lag_pdoSSTjfm', '53_lag_nchinaPRjja', '60_lag_pdoSSTjfm', '55_lag_traMC', '59_lag_pdoSSTjfm']","[0.09355235044989635, 0.16124285496351864, 0.0851003170259318, 0.09805699513728112, 0.13041874478219728, 0.1676025134609098]","60_lag_scpPSLjfm, 57_lag_pdoSSTjfm, 53_lag_nchinaPRjja, 60_lag_pdoSSTjfm, 55_lag_traMC, 59_lag_pdoSSTjfm_2535_53"
LinearRegression,48,6,traDP,shigh,1562.5,2005.5,0.4,63,43,48,29.57631583610971,-0.29104915706451207,2535,"['56_lag_stratZ50ndj02', '48_lag_traMC', '53_lag_yrvPRjja', '60_lag_pdoSSTjfm', '62_lag_shSICsep', '59_lag_pdoSSTjfm']","[0.049018237967290115, 0.16474642739271717, 0.09760886230856262, 0.14076243649309317, 0.30973203828036433, 0.16123714109084414]","56_lag_stratZ50ndj02, 48_lag_traMC, 53_lag_yrvPRjja, 60_lag_pdoSSTjfm, 62_lag_shSICsep, 59_lag_pdoSSTjfm_2535_48"
LinearRegression,49,6,traDP,shigh,1563.5,2005.5,0.4,64,44,44,29.99052558187309,-0.2778506823281021,2535,"['48_lag_traMC', '62_lag_shSICsep', '60_lag_pdoSSTjfm', '59_lag_pdoSSTjfm', '44_lag_traDS', '63_lag_nchinaPRjja']","[0.1664810510527051, 0.29657989066500323, 0.16730792191899616, 0.18530462486113322, 0.2181824049510373, 0.12313602713574906]","48_lag_traMC, 62_lag_shSICsep, 60_lag_pdoSSTjfm, 59_lag_pdoSSTjfm, 44_lag_traDS, 63_lag_nchinaPRjja_2535_44"
LinearRegression,50,6,traDP,shigh,1564.5,2005.5,0.4,65,45,56,27.328627489608284,-0.24990044624166827,2535,"['62_lag_shSICsep', '64_lag_traEC', '56_lag_yrvPRjja', '60_lag_pdoSSTjfm', '59_lag_pdoSSTjfm', '63_lag_nchinaPRjja']","[0.32996797234028047, 0.046849761260323836, 0.08782375194197248, 0.1441375345230019, 0.20107919813304348, 0.11580009420843712]","62_lag_shSICsep, 64_lag_traEC, 56_lag_yrvPRjja, 60_lag_pdoSSTjfm, 59_lag_pdoSSTjfm, 63_lag_nchinaPRjja_2535_56"
LinearRegression,51,6,traDP,shigh,1565.5,2005.5,0.4,66,46,53,30.26408064139226,0.05116563631638869,2535,"['53_lag_yrvPRjja', '60_lag_pdoSSTjfm', '64_lag_traEC', '59_lag_pdoSSTjfm', '56_lag_yrvPRjja', '63_lag_nchinaPRjja']","[0.10697234118697871, 0.19322661108995448, 0.06436736999631848, 0.17829515377763924, 0.12414955395164803, 0.1179202712600873]","53_lag_yrvPRjja, 60_lag_pdoSSTjfm, 64_lag_traEC, 59_lag_pdoSSTjfm, 56_lag_yrvPRjja, 63_lag_nchinaPRjja_2535_53"
LinearRegression,52,6,traDP,shigh,1566.5,2005.5,0.4,67,47,47,29.972683007927024,-0.0448971146031352,2535,"['47_lag_traBO', '64_lag_traEC', '60_lag_pdoSSTjfm', '47_lag_traFS', '53_lag_yrvPRjja', '63_lag_nchinaPRjja']","[0.07558536695783216, 0.12062178075267124, 0.2912532891564833, 0.27751396838970754, 0.13507494583768498, 0.08432127020883036]","47_lag_traBO, 64_lag_traEC, 60_lag_pdoSSTjfm, 47_lag_traFS, 53_lag_yrvPRjja, 63_lag_nchinaPRjja_2535_47"
LinearRegression,53,6,traDP,shigh,1567.5,2005.5,0.4,68,48,53,27.229726711455697,-0.2886984831610007,2535,"['62_lag_shSICsep', '60_lag_pdoSSTjfm', '65_lag_yrvPRjja', '58_lag_traMC', '53_lag_yrvPRjja', '63_lag_nchinaPRjja']","[0.3873346939592534, 0.2990489710533919, 0.08952651333174591, 0.08822891246779271, 0.10692108175696727, 0.1016329454866751]","62_lag_shSICsep, 60_lag_pdoSSTjfm, 65_lag_yrvPRjja, 58_lag_traMC, 53_lag_yrvPRjja, 63_lag_nchinaPRjja_2535_53"
LinearRegression,54,6,traDP,shigh,1568.5,2005.5,0.4,69,49,53,28.803104057737656,0.060965412843054054,2535,"['66_lag_nchinaPRjja', '55_lag_yrvPRjja', '60_lag_scpPSLjfm', '65_lag_traEU', '53_lag_yrvPRjja', '63_lag_nchinaPRjja']","[0.10104447365131122, 0.14358354533759696, 0.05344182195942318, 0.0750139225979998, 0.13406554853090497, 0.08700763855982543]","66_lag_nchinaPRjja, 55_lag_yrvPRjja, 60_lag_scpPSLjfm, 65_lag_traEU, 53_lag_yrvPRjja, 63_lag_nchinaPRjja_2535_53"
LinearRegression,55,6,traDP,shigh,1569.5,2005.5,0.4,70,50,53,34.02086023063674,-0.15699448320027698,2535,"['69_lag_solFORC', '65_lag_traEU', '55_lag_yrvPRjja', '66_lag_nchinaPRjja', '53_lag_yrvPRjja', '63_lag_nchinaPRjja']","[0.25351664373706556, 0.06590376213210886, 0.14379571104180136, 0.09903278756548269, 0.131802422761373, 0.09311443702700142]","69_lag_solFORC, 65_lag_traEU, 55_lag_yrvPRjja, 66_lag_nchinaPRjja, 53_lag_yrvPRjja, 63_lag_nchinaPRjja_2535_53"
LinearRegression,56,6,traDP,shigh,1570.5,2005.5,0.4,71,51,53,34.12468737782006,-0.18224554014908953,2535,"['59_lag_yrvPRjja', '70_lag_solFORC', '55_lag_yrvPRjja', '56_lag_yrvPRjja', '53_lag_yrvPRjja', '63_lag_nchinaPRjja']","[0.12749793101989884, 0.2750735141408833, 0.13917695672640246, 0.13173442446492506, 0.14304713864806576, 0.07935048437033365]","59_lag_yrvPRjja, 70_lag_solFORC, 55_lag_yrvPRjja, 56_lag_yrvPRjja, 53_lag_yrvPRjja, 63_lag_nchinaPRjja_2535_53"
LinearRegression,57,6,traDP,shigh,1571.5,2005.5,0.4,72,52,56,34.605605857313506,-0.23970237829050822,2535,"['66_lag_nchinaPRjja', '71_lag_solFORC', '65_lag_traEU', '56_lag_yrvPRjja', '69_lag_scpPSLjfm', '63_lag_nchinaPRjja']","[0.07001824698105176, 0.29117295235394064, 0.07081223425873326, 0.15478436840008528, 0.04352963658800965, 0.11272576601455754]","66_lag_nchinaPRjja, 71_lag_solFORC, 65_lag_traEU, 56_lag_yrvPRjja, 69_lag_scpPSLjfm, 63_lag_nchinaPRjja_2535_56"
LinearRegression,58,6,traDP,shigh,1572.5,2005.5,0.4,73,53,53,34.27793455991377,-0.22953464354804085,2535,"['72_lag_traEC', '53_lag_yrvPRjja', '59_lag_yrvPRjja', '72_lag_solFORC', '56_lag_yrvPRjja', '63_lag_nchinaPRjja']","[0.1306159375628132, 0.10109267949416596, 0.12586193058301628, 0.30138066570019917, 0.14401588410440352, 0.0970139279695751]","72_lag_traEC, 53_lag_yrvPRjja, 59_lag_yrvPRjja, 72_lag_solFORC, 56_lag_yrvPRjja, 63_lag_nchinaPRjja_2535_53"
LinearRegression,59,6,traDP,shigh,1573.5,2005.5,0.4,74,54,58,37.55883028173202,-0.28893588520328223,2535,"['66_lag_nchinaPRjja', '72_lag_traEU', '58_lag_traMC', '72_lag_solFORC', '73_lag_solFORC', '63_lag_nchinaPRjja']","[0.07690844190748858, 0.07489841493672919, 0.2048550842968555, 0.17646345545816913, 0.4963416963303574, 0.08252020072704193]","66_lag_nchinaPRjja, 72_lag_traEU, 58_lag_traMC, 72_lag_solFORC, 73_lag_solFORC, 63_lag_nchinaPRjja_2535_58"
LinearRegression,60,6,traDP,shigh,1574.5,2005.5,0.4,75,55,58,37.6324835574957,-0.2872700520042041,2535,"['66_lag_nchinaPRjja', '72_lag_solFORC', '73_lag_solFORC', '58_lag_traMC', '63_lag_nchinaPRjja', '74_lag_solFORC']","[0.09017423343246422, 0.017281892409292288, 0.056524853977092816, 0.1925724451387309, 0.10112248023004097, 0.29052573218411243]","66_lag_nchinaPRjja, 72_lag_solFORC, 73_lag_solFORC, 58_lag_traMC, 63_lag_nchinaPRjja, 74_lag_solFORC_2535_58"
LinearRegression,61,6,traDP,shigh,1575.5,2005.5,0.4,76,56,71,36.09515798016164,-0.35057097027178596,2535,"['71_lag_solFORC', '72_lag_solFORC', '72_lag_traEU', '73_lag_solFORC', '74_lag_solFORC', '75_lag_solFORC']","[0.04620522818254338, 0.41163593673898313, 0.08386455930176503, 0.49825877810253405, 0.1372271967079678, 0.3566218240008707]","71_lag_solFORC, 72_lag_solFORC, 72_lag_traEU, 73_lag_solFORC, 74_lag_solFORC, 75_lag_solFORC_2535_71"
LinearRegression,62,6,traDP,shigh,1576.5,2005.5,0.4,77,57,63,36.11120020562651,-0.3484427632288881,2535,"['73_lag_solFORC', '72_lag_traEU', '63_lag_nchinaPRjja', '74_lag_solFORC', '75_lag_solFORC', '76_lag_solFORC']","[0.22192573721086775, 0.08005177069469581, 0.08954106760703748, 0.11149922855401981, 0.24906597626287907, 0.016185979721215438]","73_lag_solFORC, 72_lag_traEU, 63_lag_nchinaPRjja, 74_lag_solFORC, 75_lag_solFORC, 76_lag_solFORC_2535_63"
LinearRegression,63,6,traDP,shigh,1577.5,2005.5,0.4,78,58,58,38.658383046882676,-0.33265612161157826,2535,"['58_lag_traMC', '63_lag_nchinaPRjja', '74_lag_solFORC', '75_lag_solFORC', '76_lag_solFORC', '77_lag_solFORC']","[0.22077193252820154, 0.09370152607811622, 0.16108584626877065, 0.09568686761661374, 0.12281664271841486, 0.008183358563859822]","58_lag_traMC, 63_lag_nchinaPRjja, 74_lag_solFORC, 75_lag_solFORC, 76_lag_solFORC, 77_lag_solFORC_2535_58"
LinearRegression,64,6,traDP,shigh,1578.5,2005.5,0.4,79,59,63,36.50208844084745,-0.36092868231987896,2535,"['74_lag_solFORC', '75_lag_solFORC', '76_lag_solFORC', '63_lag_nchinaPRjja', '77_lag_solFORC', '78_lag_solFORC']","[0.41502182548048866, 0.16118923540197094, 0.027924730747031674, 0.13437880099871502, 0.3050492801899442, 0.12647810923190944]","74_lag_solFORC, 75_lag_solFORC, 76_lag_solFORC, 63_lag_nchinaPRjja, 77_lag_solFORC, 78_lag_solFORC_2535_63"
LinearRegression,65,6,traDP,shigh,1579.5,2005.5,0.4,80,60,63,36.43252288907389,-0.3457112631538244,2535,"['75_lag_solFORC', '76_lag_solFORC', '77_lag_solFORC', '79_lag_solFORC', '78_lag_solFORC', '63_lag_nchinaPRjja']","[0.5884805287857269, 0.37451392294506336, 0.46599046620865, 1.0384882987766888, 1.6931020618483887, 0.13104680764360352]","75_lag_solFORC, 76_lag_solFORC, 77_lag_solFORC, 79_lag_solFORC, 78_lag_solFORC, 63_lag_nchinaPRjja_2535_63"
LinearRegression,66,6,traDP,shigh,1580.5,2005.5,0.4,81,61,63,36.32806662032629,-0.3518263180200819,2535,"['65_lag_yrvPRjja', '77_lag_solFORC', '79_lag_solFORC', '78_lag_solFORC', '80_lag_solFORC', '63_lag_nchinaPRjja']","[0.19822706778972496, 0.12629817704217783, 0.7658151239938369, 1.395778329243445, 0.3393975317554184, 0.11672106998968189]","65_lag_yrvPRjja, 77_lag_solFORC, 79_lag_solFORC, 78_lag_solFORC, 80_lag_solFORC, 63_lag_nchinaPRjja_2535_63"
LinearRegression,67,6,traDP,shigh,1581.5,2005.5,0.4,82,62,75,36.87919301881634,-0.39102322056158734,2535,"['77_lag_solFORC', '79_lag_solFORC', '75_lag_traEU', '80_lag_solFORC', '78_lag_solFORC', '81_lag_solFORC']","[0.02413104261575266, 1.352578427915027, 0.1134403041762003, 0.2432349668355289, 1.8742990348441575, 0.13496014044002247]","77_lag_solFORC, 79_lag_solFORC, 75_lag_traEU, 80_lag_solFORC, 78_lag_solFORC, 81_lag_solFORC_2535_75"
LinearRegression,68,6,traDP,shigh,1582.5,2005.5,0.4,83,63,75,36.849856160368624,-0.3877355327341392,2535,"['75_lag_traEU', '78_lag_solFORC', '80_lag_solFORC', '79_lag_solFORC', '81_lag_solFORC', '82_lag_solFORC']","[0.11393041046115492, 1.9268004272705697, 0.4513193577717757, 1.3875794793679477, 0.6415253280188361, 0.29205509759661774]","75_lag_traEU, 78_lag_solFORC, 80_lag_solFORC, 79_lag_solFORC, 81_lag_solFORC, 82_lag_solFORC_2535_75"
LinearRegression,69,6,traDP,shigh,1583.5,2005.5,0.4,84,64,75,36.663267503849355,-0.39101077653123434,2535,"['78_lag_solFORC', '81_lag_solFORC', '75_lag_traEU', '82_lag_solFORC', '83_lag_solFORC', '83_lag_traEU']","[1.1313912605458343, 1.1474054862108092, 0.14659629498613755, 0.8746467273815601, 0.4163572361900244, 0.1394298698998302]","78_lag_solFORC, 81_lag_solFORC, 75_lag_traEU, 82_lag_solFORC, 83_lag_solFORC, 83_lag_traEU_2535_75"
LinearRegression,70,6,traDP,shigh,1584.5,2005.5,0.4,85,65,80,36.691775593357825,-0.4031222177991031,2535,"['80_lag_solFORC', '81_lag_solFORC', '82_lag_solFORC', '83_lag_solFORC', '84_lag_solFORC', '83_lag_traEU']","[1.5076132715149015, 0.9055316452559687, 0.6107169834242159, 1.6812786612714723, 1.2325592376878536, 0.11472785045075319]","80_lag_solFORC, 81_lag_solFORC, 82_lag_solFORC, 83_lag_solFORC, 84_lag_solFORC, 83_lag_traEU_2535_80"
LinearRegression,71,6,traDP,shigh,1585.5,2005.5,0.4,86,66,81,36.716023860650076,-0.41198655417469077,2535,"['82_lag_solFORC', '83_lag_traEU', '81_lag_solFORC', '84_lag_solFORC', '83_lag_solFORC', '85_lag_solFORC']","[1.7741124335380238, 0.11593060721831927, 1.7810441225746052, 0.37041005734783905, 0.9765788757556053, 0.908891033916469]","82_lag_solFORC, 83_lag_traEU, 81_lag_solFORC, 84_lag_solFORC, 83_lag_solFORC, 85_lag_solFORC_2535_81"
LinearRegression,72,6,traDP,shigh,1586.5,2005.5,0.4,87,67,82,36.72440904271207,-0.41336329966571034,2535,"['82_lag_solFORC', '83_lag_solFORC', '84_lag_solFORC', '83_lag_traEU', '85_lag_solFORC', '86_lag_solFORC']","[1.4120007084123942, 0.42617345372132476, 1.0646777411088448, 0.11456876078122774, 2.427320811373933, 1.8999699194101636]","82_lag_solFORC, 83_lag_solFORC, 84_lag_solFORC, 83_lag_traEU, 85_lag_solFORC, 86_lag_solFORC_2535_82"
LinearRegression,73,6,traDP,shigh,1587.5,2005.5,0.4,88,68,68,36.236316658866365,-0.40943448221565093,2535,"['84_lag_solFORC', '83_lag_traEU', '85_lag_solFORC', '68_lag_alpi', '86_lag_solFORC', '87_lag_solFORC']","[1.2785396682279346, 0.12135659695750595, 0.18752218631836223, 0.05400816993400759, 1.234177437768607, 1.9036510270776856]","84_lag_solFORC, 83_lag_traEU, 85_lag_solFORC, 68_lag_alpi, 86_lag_solFORC, 87_lag_solFORC_2535_68"
LinearRegression,74,6,traDP,shigh,1588.5,2005.5,0.4,89,69,83,36.868173454727426,-0.364360151507947,2535,"['83_lag_solFORC', '84_lag_solFORC', '85_lag_solFORC', '86_lag_solFORC', '87_lag_solFORC', '88_lag_solFORC']","[2.555417935131196, 2.9724174255935387, 1.2478029404094824, 0.6559761145345248, 3.09987189505987, 2.8235427030696796]","83_lag_solFORC, 84_lag_solFORC, 85_lag_solFORC, 86_lag_solFORC, 87_lag_solFORC, 88_lag_solFORC_2535_83"
LinearRegression,75,6,traDP,shigh,1589.5,2005.5,0.4,90,70,84,36.666838738914954,-0.37311390786995347,2535,"['84_lag_solFORC', '89_lag_solFORC', '85_lag_solFORC', '86_lag_solFORC', '88_lag_solFORC', '87_lag_solFORC']","[1.7768602149213795, 2.766164999827172, 1.0542820000642334, 0.4717552143606284, 2.25941800435963, 0.6915463692487276]","84_lag_solFORC, 89_lag_solFORC, 85_lag_solFORC, 86_lag_solFORC, 88_lag_solFORC, 87_lag_solFORC_2535_84"
LinearRegression,76,6,traDP,shigh,1590.5,2005.5,0.4,91,71,83,37.13518575955152,-0.42746117615989243,2535,"['83_lag_traEU', '83_lag_solFORC', '84_lag_solFORC', '87_lag_solFORC', '85_lag_solFORC', '86_lag_solFORC']","[0.1412053837296139, 2.1660528629825744, 2.2015334073113633, 2.0769569960741836, 0.8746575364306125, 1.7082490632049494]","83_lag_traEU, 83_lag_solFORC, 84_lag_solFORC, 87_lag_solFORC, 85_lag_solFORC, 86_lag_solFORC_2535_83"
LinearRegression,77,6,traDP,shigh,1591.5,2005.5,0.4,92,72,84,37.069412999552625,-0.46410831932154145,2535,"['84_lag_solFORC', '85_lag_traEU', '85_lag_solFORC', '87_lag_solFORC', '86_lag_solFORC', '84_lag_stratZ50ndj02']","[1.6904884411257073, 0.06960287667703091, 0.6019168499249505, 1.6004052611792863, 0.98468298613496, 0.10787706667932101]","84_lag_solFORC, 85_lag_traEU, 85_lag_solFORC, 87_lag_solFORC, 86_lag_solFORC, 84_lag_stratZ50ndj02_2535_84"
LinearRegression,78,6,traDP,shigh,1592.5,2005.5,0.4,93,73,73,38.537092833687026,-0.4573851426529466,2535,"['73_lag_75_median_solFORC', '85_lag_traEU', '74_lag_solFORC', '73_lag_81_median_solFORC', '78_lag_solFORC', '83_lag_traEU']","[0.3496640514151815, 0.0859498128198648, 0.6110640426556468, 1.6277237311279724, 1.2248345909205078, 0.14573602304216648]","73_lag_75_median_solFORC, 85_lag_traEU, 74_lag_solFORC, 73_lag_81_median_solFORC, 78_lag_solFORC, 83_lag_traEU_2535_73"
LinearRegression,79,6,traDP,shigh,1593.5,2005.5,0.4,94,74,74,39.29112664179575,-0.4806793700697188,2535,"['78_lag_solFORC', '83_lag_traEU', '74_lag_76_median_solFORC', '74_lag_79_median_solFORC', '74_lag_solFORC', '75_lag_solFORC']","[0.35311531431762255, 0.1649215855516326, 1.694053336513623, 0.9233997485622497, 0.7919582132583535, 0.9096552307488421]","78_lag_solFORC, 83_lag_traEU, 74_lag_76_median_solFORC, 74_lag_79_median_solFORC, 74_lag_solFORC, 75_lag_solFORC_2535_74"
LinearRegression,80,6,traDP,shigh,1594.5,2005.5,0.4,95,75,75,39.17595564277452,-0.4697535241944771,2535,"['75_lag_79_median_solFORC', '77_lag_solFORC', '76_lag_solFORC', '75_lag_78_median_solFORC', '75_lag_solFORC', '82_lag_yrvPRjja']","[0.19387763506110017, 4.753143704819292, 0.8557039616770852, 4.883011558893819, 1.1013515895098152, 0.16807876519788695]","75_lag_79_median_solFORC, 77_lag_solFORC, 76_lag_solFORC, 75_lag_78_median_solFORC, 75_lag_solFORC, 82_lag_yrvPRjja_2535_75"
LinearRegression,81,6,traDP,shigh,1595.5,2005.5,0.4,96,76,76,39.74247749132437,-0.4910631236662081,2535,"['76_lag_79_median_solFORC', '78_lag_solFORC', '76_lag_78_median_solFORC', '77_lag_solFORC', '76_lag_77_median_solFORC', '76_lag_solFORC']","[4.117093811451476, 3.620248504891766, 1.3967283145382674, 0.82679187581523, 0.82679187581523, 1.3472297021004567]","76_lag_79_median_solFORC, 78_lag_solFORC, 76_lag_78_median_solFORC, 77_lag_solFORC, 76_lag_77_median_solFORC, 76_lag_solFORC_2535_76"
LinearRegression,82,6,traDP,shigh,1596.5,2005.5,0.4,97,77,77,39.90824021394333,-0.5039971457151615,2535,"['79_lag_solFORC', '77_lag_80_median_solFORC', '77_lag_79_median_solFORC', '78_lag_solFORC', '77_lag_78_median_solFORC', '77_lag_solFORC']","[4.423457444571189, 4.242077457833327, 1.7084277227191755, 1.0066019991328528, 1.0066019991328505, 0.4840291708696367]","79_lag_solFORC, 77_lag_80_median_solFORC, 77_lag_79_median_solFORC, 78_lag_solFORC, 77_lag_78_median_solFORC, 77_lag_solFORC_2535_77"
LinearRegression,83,6,traDP,shigh,1597.5,2005.5,0.4,98,78,78,40.126833555248076,-0.5104554703187738,2535,"['80_lag_solFORC', '81_lag_solFORC', '78_lag_80_median_solFORC', '79_lag_solFORC', '78_lag_79_median_solFORC', '78_lag_solFORC']","[0.4570355521668746, 0.4985915002322787, 0.5039092805248871, 0.5507830088829005, 0.5507830088829003, 2.1811737149384216]","80_lag_solFORC, 81_lag_solFORC, 78_lag_80_median_solFORC, 79_lag_solFORC, 78_lag_79_median_solFORC, 78_lag_solFORC_2535_78"
LinearRegression,84,6,traDP,shigh,1598.5,2005.5,0.4,99,79,79,40.45514251865133,-0.5402217216105737,2535,"['81_lag_solFORC', '79_lag_81_median_solFORC', '79_lag_82_median_solFORC', '79_lag_80_median_solFORC', '80_lag_solFORC', '79_lag_solFORC']","[1.6371724178673526, 1.2484210205462365, 2.8066577084277338, 0.85966962322512, 0.8596696232251186, 2.4344872081567352]","81_lag_solFORC, 79_lag_81_median_solFORC, 79_lag_82_median_solFORC, 79_lag_80_median_solFORC, 80_lag_solFORC, 79_lag_solFORC_2535_79"
LinearRegression,85,6,traDP,shigh,1599.5,2005.5,0.4,100,80,80,40.47924590672835,-0.5443915049179596,2535,"['82_lag_solFORC', '80_lag_83_median_solFORC', '80_lag_82_median_solFORC', '80_lag_81_median_solFORC', '81_lag_solFORC', '80_lag_solFORC']","[1.8568237443105515, 2.527236474735922, 0.6615796838963256, 0.5336643765179075, 0.533664376517909, 1.7156048266866994]","82_lag_solFORC, 80_lag_83_median_solFORC, 80_lag_82_median_solFORC, 80_lag_81_median_solFORC, 81_lag_solFORC, 80_lag_solFORC_2535_80"
